# hostname,interval,timestamp,IFACE,rxpck/s,txpck/s,rxkB/s,txkB/s,rxcmp/s,txcmp/s,rxmcst/s,%ifutil
qaenv-cyberthreats,300,2018-10-25 00:05:01 UTC,vetha9bc24f,0.13,0.27,0.01,0.02,0.00,0.00,0.00,0.00
qaenv-cyberthreats,300,2018-10-25 00:05:01 UTC,lo,19.84,19.84,22.87,22.87,0.00,0.00,0.00,0.00
qaenv-cyberthreats,300,2018-10-25 00:05:01 UTC,veth2376688,7.28,9.01,0.94,3.50,0.00,0.00,0.00,0.00
qaenv-cyberthreats,300,2018-10-25 00:05:01 UTC,br-49e5983ece52,10.18,12.71,19.26,4.03,0.00,0.00,0.00,0.00
qaenv-cyberthreats,300,2018-10-25 00:05:01 UTC,vethd016d19,2.77,3.43,18.45,0.52,0.00,0.00,0.00,0.00
qaenv-cyberthreats,300,2018-10-25 00:05:01 UTC,docker0,0.00,0.00,0.00,0.00,0.00,0.00,0.00,0.00
qaenv-cyberthreats,300,2018-10-25 00:05:01 UTC,eth0,19.40,16.30,11.07,22.00,0.00,0.00,0.00,0.00
qaenv-cyberthreats,600,2018-10-25 00:15:01 UTC,vetha9bc24f,0.12,0.23,0.01,0.02,0.00,0.00,0.00,0.00
qaenv-cyberthreats,600,2018-10-25 00:15:01 UTC,lo,17.48,17.48,16.44,16.44,0.00,0.00,0.00,0.00
qaenv-cyberthreats,600,2018-10-25 00:15:01 UTC,veth2376688,6.09,7.85,0.84,1.08,0.00,0.00,0.00,0.00
qaenv-cyberthreats,600,2018-10-25 00:15:01 UTC,br-49e5983ece52,8.74,11.19,15.21,1.55,0.00,0.00,0.00,0.00
qaenv-cyberthreats,600,2018-10-25 00:15:01 UTC,vethd016d19,2.53,3.11,14.48,0.46,0.00,0.00,0.00,0.00
qaenv-cyberthreats,600,2018-10-25 00:15:01 UTC,docker0,0.00,0.00,0.00,0.00,0.00,0.00,0.00,0.00
qaenv-cyberthreats,600,2018-10-25 00:15:01 UTC,eth0,8.93,7.67,3.13,15.12,0.00,0.00,0.00,0.00
qaenv-cyberthreats,600,2018-10-25 00:25:01 UTC,vetha9bc24f,0.16,0.30,0.01,0.02,0.00,0.00,0.00,0.00
qaenv-cyberthreats,600,2018-10-25 00:25:01 UTC,lo,18.26,18.26,18.91,18.91,0.00,0.00,0.00,0.00
qaenv-cyberthreats,600,2018-10-25 00:25:01 UTC,veth2376688,6.25,8.11,0.98,1.11,0.00,0.00,0.00,0.00
qaenv-cyberthreats,600,2018-10-25 00:25:01 UTC,br-49e5983ece52,9.39,11.97,17.60,1.63,0.00,0.00,0.00,0.00
qaenv-cyberthreats,600,2018-10-25 00:25:01 UTC,vethd016d19,2.98,3.56,16.74,0.50,0.00,0.00,0.00,0.00
qaenv-cyberthreats,600,2018-10-25 00:25:01 UTC,docker0,0.00,0.00,0.00,0.00,0.00,0.00,0.00,0.00
qaenv-cyberthreats,600,2018-10-25 00:25:01 UTC,eth0,10.63,8.99,0.99,22.04,0.00,0.00,0.00,0.00
qaenv-cyberthreats,600,2018-10-25 00:35:01 UTC,vetha9bc24f,0.17,0.33,0.01,0.02,0.00,0.00,0.00,0.00
qaenv-cyberthreats,600,2018-10-25 00:35:01 UTC,lo,20.78,20.78,23.33,23.33,0.00,0.00,0.00,0.00
qaenv-cyberthreats,600,2018-10-25 00:35:01 UTC,veth2376688,6.98,8.95,1.11,2.35,0.00,0.00,0.00,0.00
qaenv-cyberthreats,600,2018-10-25 00:35:01 UTC,br-49e5983ece52,10.98,13.77,19.54,4.19,0.00,0.00,0.00,0.00
qaenv-cyberthreats,600,2018-10-25 00:35:01 UTC,vethd016d19,3.83,4.49,18.57,1.83,0.00,0.00,0.00,0.00
qaenv-cyberthreats,600,2018-10-25 00:35:01 UTC,docker0,0.00,0.00,0.00,0.00,0.00,0.00,0.00,0.00
qaenv-cyberthreats,600,2018-10-25 00:35:01 UTC,eth0,16.22,13.86,3.19,29.39,0.00,0.00,0.00,0.00
qaenv-cyberthreats,600,2018-10-25 00:45:01 UTC,vetha9bc24f,0.58,0.82,0.06,0.12,0.00,0.00,0.00,0.00
qaenv-cyberthreats,600,2018-10-25 00:45:01 UTC,lo,180.56,180.56,134.97,134.97,0.00,0.00,0.00,0.00
qaenv-cyberthreats,600,2018-10-25 00:45:01 UTC,veth2376688,8.43,11.80,4.47,1.76,0.00,0.00,0.00,0.00
qaenv-cyberthreats,600,2018-10-25 00:45:01 UTC,br-49e5983ece52,16.55,21.49,76.50,3.10,0.00,0.00,0.00,0.00
qaenv-cyberthreats,600,2018-10-25 00:45:01 UTC,vethd016d19,7.54,8.87,72.19,1.22,0.00,0.00,0.00,0.01
qaenv-cyberthreats,600,2018-10-25 00:45:01 UTC,docker0,0.00,0.00,0.00,0.00,0.00,0.00,0.00,0.00
qaenv-cyberthreats,600,2018-10-25 00:45:01 UTC,eth0,15.28,12.17,4.37,27.04,0.00,0.00,0.00,0.00
qaenv-cyberthreats,600,2018-10-25 00:55:01 UTC,vetha9bc24f,0.47,0.82,0.04,0.08,0.00,0.00,0.00,0.00
qaenv-cyberthreats,600,2018-10-25 00:55:01 UTC,lo,85.38,85.38,86.83,86.83,0.00,0.00,0.00,0.00
qaenv-cyberthreats,600,2018-10-25 00:55:01 UTC,veth2376688,8.02,11.20,2.99,1.54,0.00,0.00,0.00,0.00
qaenv-cyberthreats,600,2018-10-25 00:55:01 UTC,br-49e5983ece52,15.98,20.97,62.36,2.96,0.00,0.00,0.00,0.00
qaenv-cyberthreats,600,2018-10-25 00:55:01 UTC,vethd016d19,7.50,8.95,59.55,1.34,0.00,0.00,0.00,0.00
qaenv-cyberthreats,600,2018-10-25 00:55:01 UTC,docker0,0.00,0.00,0.00,0.00,0.00,0.00,0.00,0.00
qaenv-cyberthreats,600,2018-10-25 00:55:01 UTC,eth0,11.74,9.18,2.89,18.60,0.00,0.00,0.00,0.00
qaenv-cyberthreats,600,2018-10-25 01:05:01 UTC,vetha9bc24f,0.47,0.82,0.04,0.08,0.00,0.00,0.00,0.00
qaenv-cyberthreats,600,2018-10-25 01:05:01 UTC,lo,87.91,87.91,89.39,89.39,0.00,0.00,0.00,0.00
qaenv-cyberthreats,600,2018-10-25 01:05:01 UTC,veth2376688,8.64,11.81,3.04,2.76,0.00,0.00,0.00,0.00
qaenv-cyberthreats,600,2018-10-25 01:05:01 UTC,br-49e5983ece52,16.58,21.55,63.52,4.18,0.00,0.00,0.00,0.00
qaenv-cyberthreats,600,2018-10-25 01:05:01 UTC,vethd016d19,7.47,8.92,60.67,1.34,0.00,0.00,0.00,0.00
qaenv-cyberthreats,600,2018-10-25 01:05:01 UTC,docker0,0.00,0.00,0.00,0.00,0.00,0.00,0.00,0.00
qaenv-cyberthreats,600,2018-10-25 01:05:01 UTC,eth0,13.56,10.97,4.29,18.82,0.00,0.00,0.00,0.00
qaenv-cyberthreats,600,2018-10-25 01:15:01 UTC,vetha9bc24f,0.38,0.65,0.04,0.07,0.00,0.00,0.00,0.00
qaenv-cyberthreats,600,2018-10-25 01:15:01 UTC,lo,63.96,63.96,68.26,68.26,0.00,0.00,0.00,0.00
qaenv-cyberthreats,600,2018-10-25 01:15:01 UTC,veth2376688,7.53,10.31,2.54,1.43,0.00,0.00,0.00,0.00
qaenv-cyberthreats,600,2018-10-25 01:15:01 UTC,br-49e5983ece52,13.77,18.14,49.63,2.57,0.00,0.00,0.00,0.00
qaenv-cyberthreats,600,2018-10-25 01:15:01 UTC,vethd016d19,5.86,7.18,47.24,1.07,0.00,0.00,0.00,0.00
qaenv-cyberthreats,600,2018-10-25 01:15:01 UTC,docker0,0.00,0.00,0.00,0.00,0.00,0.00,0.00,0.00
qaenv-cyberthreats,600,2018-10-25 01:15:01 UTC,eth0,9.12,7.20,2.66,14.21,0.00,0.00,0.00,0.00
qaenv-cyberthreats,600,2018-10-25 01:25:01 UTC,vetha9bc24f,0.13,0.26,0.01,0.02,0.00,0.00,0.00,0.00
qaenv-cyberthreats,600,2018-10-25 01:25:01 UTC,lo,17.88,17.88,21.30,21.30,0.00,0.00,0.00,0.00
qaenv-cyberthreats,600,2018-10-25 01:25:01 UTC,veth2376688,6.18,7.96,0.82,1.09,0.00,0.00,0.00,0.00
qaenv-cyberthreats,600,2018-10-25 01:25:01 UTC,br-49e5983ece52,8.99,11.47,20.04,1.58,0.00,0.00,0.00,0.00
qaenv-cyberthreats,600,2018-10-25 01:25:01 UTC,vethd016d19,2.68,3.24,19.33,0.47,0.00,0.00,0.00,0.00
qaenv-cyberthreats,600,2018-10-25 01:25:01 UTC,docker0,0.00,0.00,0.00,0.00,0.00,0.00,0.00,0.00
qaenv-cyberthreats,600,2018-10-25 01:25:01 UTC,eth0,50.01,29.38,51.15,53.65,0.00,0.00,0.00,0.00
qaenv-cyberthreats,600,2018-10-25 01:35:01 UTC,vetha9bc24f,0.14,0.27,0.01,0.02,0.00,0.00,0.00,0.00
qaenv-cyberthreats,600,2018-10-25 01:35:01 UTC,lo,18.34,18.34,17.59,17.59,0.00,0.00,0.00,0.00
qaenv-cyberthreats,600,2018-10-25 01:35:01 UTC,veth2376688,6.74,8.45,0.95,2.29,0.00,0.00,0.00,0.00
qaenv-cyberthreats,600,2018-10-25 01:35:01 UTC,br-49e5983ece52,9.50,11.84,15.16,2.74,0.00,0.00,0.00,0.00
qaenv-cyberthreats,600,2018-10-25 01:35:01 UTC,vethd016d19,2.62,3.12,14.32,0.43,0.00,0.00,0.00,0.00
qaenv-cyberthreats,600,2018-10-25 01:35:01 UTC,docker0,0.00,0.00,0.00,0.00,0.00,0.00,0.00,0.00
qaenv-cyberthreats,600,2018-10-25 01:35:01 UTC,eth0,12.51,9.22,2.35,24.07,0.00,0.00,0.00,0.00
qaenv-cyberthreats,600,2018-10-25 01:45:01 UTC,vetha9bc24f,0.15,0.30,0.01,0.02,0.00,0.00,0.00,0.00
qaenv-cyberthreats,600,2018-10-25 01:45:01 UTC,lo,18.61,18.61,19.75,19.75,0.00,0.00,0.00,0.00
qaenv-cyberthreats,600,2018-10-25 01:45:01 UTC,veth2376688,6.30,8.16,0.99,1.11,0.00,0.00,0.00,0.00
qaenv-cyberthreats,600,2018-10-25 01:45:01 UTC,br-49e5983ece52,9.59,12.16,18.54,1.66,0.00,0.00,0.00,0.00
qaenv-cyberthreats,600,2018-10-25 01:45:01 UTC,vethd016d19,3.13,3.70,17.67,0.52,0.00,0.00,0.00,0.00
qaenv-cyberthreats,600,2018-10-25 01:45:01 UTC,docker0,0.00,0.00,0.00,0.00,0.00,0.00,0.00,0.00
qaenv-cyberthreats,600,2018-10-25 01:45:01 UTC,eth0,10.25,6.48,0.99,22.16,0.00,0.00,0.00,0.00
qaenv-cyberthreats,600,2018-10-25 01:55:01 UTC,vetha9bc24f,0.14,0.28,0.01,0.02,0.00,0.00,0.00,0.00
qaenv-cyberthreats,600,2018-10-25 01:55:01 UTC,lo,18.56,18.56,21.02,21.02,0.00,0.00,0.00,0.00
qaenv-cyberthreats,600,2018-10-25 01:55:01 UTC,veth2376688,6.23,8.07,0.94,1.10,0.00,0.00,0.00,0.00
qaenv-cyberthreats,600,2018-10-25 01:55:01 UTC,br-49e5983ece52,9.52,12.10,19.76,1.66,0.00,0.00,0.00,0.00
qaenv-cyberthreats,600,2018-10-25 01:55:01 UTC,vethd016d19,3.15,3.75,18.94,0.54,0.00,0.00,0.00,0.00
qaenv-cyberthreats,600,2018-10-25 01:55:01 UTC,docker0,0.00,0.00,0.00,0.00,0.00,0.00,0.00,0.00
qaenv-cyberthreats,600,2018-10-25 01:55:01 UTC,eth0,8.84,5.59,0.97,18.38,0.00,0.00,0.00,0.00
qaenv-cyberthreats,600,2018-10-25 02:05:01 UTC,vetha9bc24f,0.20,0.40,0.01,0.03,0.00,0.00,0.00,0.00
qaenv-cyberthreats,600,2018-10-25 02:05:01 UTC,lo,21.29,21.29,32.17,32.17,0.00,0.00,0.00,0.00
qaenv-cyberthreats,600,2018-10-25 02:05:01 UTC,veth2376688,7.03,8.89,1.14,2.35,0.00,0.00,0.00,0.00
qaenv-cyberthreats,600,2018-10-25 02:05:01 UTC,br-49e5983ece52,11.10,14.00,29.65,3.07,0.00,0.00,0.00,0.00
qaenv-cyberthreats,600,2018-10-25 02:05:01 UTC,vethd016d19,3.86,4.71,28.64,0.69,0.00,0.00,0.00,0.00
qaenv-cyberthreats,600,2018-10-25 02:05:01 UTC,docker0,0.00,0.00,0.00,0.00,0.00,0.00,0.00,0.00
qaenv-cyberthreats,600,2018-10-25 02:05:01 UTC,eth0,13.45,9.15,3.09,22.94,0.00,0.00,0.00,0.00
qaenv-cyberthreats,600,2018-10-25 02:15:01 UTC,vetha9bc24f,0.18,0.37,0.01,0.02,0.00,0.00,0.00,0.00
qaenv-cyberthreats,600,2018-10-25 02:15:01 UTC,lo,20.18,20.18,28.85,28.85,0.00,0.00,0.00,0.00
qaenv-cyberthreats,600,2018-10-25 02:15:01 UTC,veth2376688,6.44,8.43,1.07,1.15,0.00,0.00,0.00,0.00
qaenv-cyberthreats,600,2018-10-25 02:15:01 UTC,br-49e5983ece52,10.33,13.23,27.45,1.83,0.00,0.00,0.00,0.00
qaenv-cyberthreats,600,2018-10-25 02:15:01 UTC,vethd016d19,3.70,4.43,26.51,0.66,0.00,0.00,0.00,0.00
qaenv-cyberthreats,600,2018-10-25 02:15:01 UTC,docker0,0.00,0.00,0.00,0.00,0.00,0.00,0.00,0.00
qaenv-cyberthreats,600,2018-10-25 02:15:01 UTC,eth0,11.20,7.11,1.51,22.49,0.00,0.00,0.00,0.00
qaenv-cyberthreats,600,2018-10-25 02:25:01 UTC,vetha9bc24f,0.18,0.36,0.01,0.02,0.00,0.00,0.00,0.00
qaenv-cyberthreats,600,2018-10-25 02:25:01 UTC,lo,20.08,20.08,27.89,27.89,0.00,0.00,0.00,0.00
qaenv-cyberthreats,600,2018-10-25 02:25:01 UTC,veth2376688,6.43,8.44,1.08,1.14,0.00,0.00,0.00,0.00
qaenv-cyberthreats,600,2018-10-25 02:25:01 UTC,br-49e5983ece52,10.38,13.28,26.49,1.82,0.00,0.00,0.00,0.00
qaenv-cyberthreats,600,2018-10-25 02:25:01 UTC,vethd016d19,3.77,4.48,25.55,0.65,0.00,0.00,0.00,0.00
qaenv-cyberthreats,600,2018-10-25 02:25:01 UTC,docker0,0.00,0.00,0.00,0.00,0.00,0.00,0.00,0.00
qaenv-cyberthreats,600,2018-10-25 02:25:01 UTC,eth0,10.29,6.53,1.25,20.84,0.00,0.00,0.00,0.00
qaenv-cyberthreats,600,2018-10-25 02:35:01 UTC,vetha9bc24f,0.19,0.38,0.01,0.02,0.00,0.00,0.00,0.00
qaenv-cyberthreats,600,2018-10-25 02:35:01 UTC,lo,20.87,20.87,30.74,30.74,0.00,0.00,0.00,0.00
qaenv-cyberthreats,600,2018-10-25 02:35:01 UTC,veth2376688,6.97,8.86,1.10,2.34,0.00,0.00,0.00,0.00
qaenv-cyberthreats,600,2018-10-25 02:35:01 UTC,br-49e5983ece52,10.92,13.74,28.18,3.02,0.00,0.00,0.00,0.00
qaenv-cyberthreats,600,2018-10-25 02:35:01 UTC,vethd016d19,3.75,4.51,27.22,0.65,0.00,0.00,0.00,0.00
qaenv-cyberthreats,600,2018-10-25 02:35:01 UTC,docker0,0.00,0.00,0.00,0.00,0.00,0.00,0.00,0.00
qaenv-cyberthreats,600,2018-10-25 02:35:01 UTC,eth0,12.59,8.65,2.62,21.04,0.00,0.00,0.00,0.00
qaenv-cyberthreats,600,2018-10-25 02:45:01 UTC,vetha9bc24f,0.16,0.32,0.01,0.02,0.00,0.00,0.00,0.00
qaenv-cyberthreats,600,2018-10-25 02:45:01 UTC,lo,19.35,19.35,26.82,26.82,0.00,0.00,0.00,0.00
qaenv-cyberthreats,600,2018-10-25 02:45:01 UTC,veth2376688,6.32,8.26,0.99,1.13,0.00,0.00,0.00,0.00
qaenv-cyberthreats,600,2018-10-25 02:45:01 UTC,br-49e5983ece52,9.82,12.67,25.49,1.74,0.00,0.00,0.00,0.00
qaenv-cyberthreats,600,2018-10-25 02:45:01 UTC,vethd016d19,3.33,4.09,24.62,0.59,0.00,0.00,0.00,0.00
qaenv-cyberthreats,600,2018-10-25 02:45:01 UTC,docker0,0.00,0.00,0.00,0.00,0.00,0.00,0.00,0.00
qaenv-cyberthreats,600,2018-10-25 02:45:01 UTC,eth0,9.17,5.64,1.78,16.99,0.00,0.00,0.00,0.00
qaenv-cyberthreats,600,2018-10-25 02:55:01 UTC,vetha9bc24f,0.65,0.97,0.07,0.13,0.00,0.00,0.00,0.00
qaenv-cyberthreats,600,2018-10-25 02:55:01 UTC,lo,168.58,168.58,147.99,147.99,0.00,0.00,0.00,0.00
qaenv-cyberthreats,600,2018-10-25 02:55:01 UTC,veth2376688,9.37,12.96,6.82,6.08,0.00,0.00,0.00,0.00
qaenv-cyberthreats,600,2018-10-25 02:55:01 UTC,br-49e5983ece52,19.34,24.82,88.64,7.81,0.00,0.00,0.00,0.00
qaenv-cyberthreats,600,2018-10-25 02:55:01 UTC,vethd016d19,9.32,10.89,82.01,1.60,0.00,0.00,0.00,0.01
qaenv-cyberthreats,600,2018-10-25 02:55:01 UTC,docker0,0.00,0.00,0.00,0.00,0.00,0.00,0.00,0.00
qaenv-cyberthreats,600,2018-10-25 02:55:01 UTC,eth0,17.64,10.08,4.85,29.59,0.00,0.00,0.00,0.00
qaenv-cyberthreats,600,2018-10-25 03:05:01 UTC,vetha9bc24f,0.35,0.63,0.03,0.06,0.00,0.00,0.00,0.00
qaenv-cyberthreats,600,2018-10-25 03:05:01 UTC,lo,68.52,68.52,79.23,79.23,0.00,0.00,0.00,0.00
qaenv-cyberthreats,600,2018-10-25 03:05:01 UTC,veth2376688,8.67,11.15,6.91,8.16,0.00,0.00,0.00,0.00
qaenv-cyberthreats,600,2018-10-25 03:05:01 UTC,br-49e5983ece52,14.55,18.53,55.01,9.17,0.00,0.00,0.00,0.00
qaenv-cyberthreats,600,2018-10-25 03:05:01 UTC,vethd016d19,5.53,6.74,48.27,0.96,0.00,0.00,0.00,0.00
qaenv-cyberthreats,600,2018-10-25 03:05:01 UTC,docker0,0.00,0.00,0.00,0.00,0.00,0.00,0.00,0.00
qaenv-cyberthreats,600,2018-10-25 03:05:01 UTC,eth0,15.20,9.51,4.40,22.95,0.00,0.00,0.00,0.00
qaenv-cyberthreats,600,2018-10-25 03:15:01 UTC,vetha9bc24f,0.46,0.79,0.04,0.09,0.00,0.00,0.00,0.00
qaenv-cyberthreats,600,2018-10-25 03:15:01 UTC,lo,134.94,134.94,114.10,114.10,0.00,0.00,0.00,0.00
qaenv-cyberthreats,600,2018-10-25 03:15:01 UTC,veth2376688,7.89,10.90,3.05,1.54,0.00,0.00,0.00,0.00
qaenv-cyberthreats,600,2018-10-25 03:15:01 UTC,br-49e5983ece52,15.41,20.35,75.94,2.87,0.00,0.00,0.00,0.00
qaenv-cyberthreats,600,2018-10-25 03:15:01 UTC,vethd016d19,7.06,8.66,73.06,1.25,0.00,0.00,0.00,0.01
qaenv-cyberthreats,600,2018-10-25 03:15:01 UTC,docker0,0.00,0.00,0.00,0.00,0.00,0.00,0.00,0.00
qaenv-cyberthreats,600,2018-10-25 03:15:01 UTC,eth0,14.06,8.27,5.51,20.11,0.00,0.00,0.00,0.00
qaenv-cyberthreats,600,2018-10-25 03:25:01 UTC,vetha9bc24f,0.90,1.16,0.10,0.20,0.00,0.00,0.00,0.00
qaenv-cyberthreats,600,2018-10-25 03:25:01 UTC,lo,60.70,60.70,56.09,56.09,0.00,0.00,0.00,0.00
qaenv-cyberthreats,600,2018-10-25 03:25:01 UTC,veth2376688,10.88,14.72,7.46,2.33,0.00,0.00,0.00,0.00
qaenv-cyberthreats,600,2018-10-25 03:25:01 UTC,br-49e5983ece52,20.22,25.69,44.06,4.84,0.00,0.00,0.00,0.00
qaenv-cyberthreats,600,2018-10-25 03:25:01 UTC,vethd016d19,8.43,9.80,36.78,2.30,0.00,0.00,0.00,0.00
qaenv-cyberthreats,600,2018-10-25 03:25:01 UTC,docker0,0.00,0.00,0.00,0.00,0.00,0.00,0.00,0.00
qaenv-cyberthreats,600,2018-10-25 03:25:01 UTC,eth0,17.45,9.47,8.31,22.86,0.00,0.00,0.00,0.00
qaenv-cyberthreats,601,2018-10-25 03:35:01 UTC,vetha9bc24f,0.21,0.41,0.02,0.03,0.00,0.00,0.00,0.00
qaenv-cyberthreats,601,2018-10-25 03:35:01 UTC,lo,24.79,24.79,42.41,42.41,0.00,0.00,0.00,0.00
qaenv-cyberthreats,601,2018-10-25 03:35:01 UTC,veth2376688,7.60,9.45,2.64,5.09,0.00,0.00,0.00,0.00
qaenv-cyberthreats,601,2018-10-25 03:35:01 UTC,br-49e5983ece52,12.96,15.74,36.45,6.34,0.00,0.00,0.00,0.00
qaenv-cyberthreats,601,2018-10-25 03:35:01 UTC,vethd016d19,5.16,5.88,33.96,1.22,0.00,0.00,0.00,0.00
qaenv-cyberthreats,601,2018-10-25 03:35:01 UTC,docker0,0.00,0.00,0.00,0.00,0.00,0.00,0.00,0.00
qaenv-cyberthreats,601,2018-10-25 03:35:01 UTC,eth0,18.22,11.23,2.83,32.59,0.00,0.00,0.00,0.00
qaenv-cyberthreats,600,2018-10-25 03:45:01 UTC,vetha9bc24f,0.46,0.88,0.04,0.07,0.00,0.00,0.00,0.00
qaenv-cyberthreats,600,2018-10-25 03:45:01 UTC,lo,45.63,45.63,87.90,87.90,0.00,0.00,0.00,0.00
qaenv-cyberthreats,600,2018-10-25 03:45:01 UTC,veth2376688,8.53,11.61,5.82,5.40,0.00,0.00,0.00,0.00
qaenv-cyberthreats,600,2018-10-25 03:45:01 UTC,br-49e5983ece52,16.75,21.63,76.30,6.78,0.00,0.00,0.00,0.00
qaenv-cyberthreats,600,2018-10-25 03:45:01 UTC,vethd016d19,7.77,9.14,70.67,1.32,0.00,0.00,0.00,0.01
qaenv-cyberthreats,600,2018-10-25 03:45:01 UTC,docker0,0.00,0.00,0.00,0.00,0.00,0.00,0.00,0.00
qaenv-cyberthreats,600,2018-10-25 03:45:01 UTC,eth0,15.88,9.55,2.85,27.69,0.00,0.00,0.00,0.00
qaenv-cyberthreats,600,2018-10-25 03:55:01 UTC,vetha9bc24f,0.38,0.71,0.03,0.06,0.00,0.00,0.00,0.00
qaenv-cyberthreats,600,2018-10-25 03:55:01 UTC,lo,28.54,28.54,55.49,55.49,0.00,0.00,0.00,0.00
qaenv-cyberthreats,600,2018-10-25 03:55:01 UTC,veth2376688,7.85,10.60,2.47,1.45,0.00,0.00,0.00,0.00
qaenv-cyberthreats,600,2018-10-25 03:55:01 UTC,br-49e5983ece52,14.87,18.94,52.54,3.53,0.00,0.00,0.00,0.00
qaenv-cyberthreats,600,2018-10-25 03:55:01 UTC,vethd016d19,6.64,7.62,50.24,2.02,0.00,0.00,0.00,0.00
qaenv-cyberthreats,600,2018-10-25 03:55:01 UTC,docker0,0.00,0.00,0.00,0.00,0.00,0.00,0.00,0.00
qaenv-cyberthreats,600,2018-10-25 03:55:01 UTC,eth0,20.03,11.76,2.46,40.18,0.00,0.00,0.00,0.00
qaenv-cyberthreats,600,2018-10-25 04:05:01 UTC,vetha9bc24f,0.23,0.42,0.02,0.04,0.00,0.00,0.00,0.00
qaenv-cyberthreats,600,2018-10-25 04:05:01 UTC,lo,40.95,40.95,26.03,26.03,0.00,0.00,0.00,0.00
qaenv-cyberthreats,600,2018-10-25 04:05:01 UTC,veth2376688,7.42,9.62,1.76,2.46,0.00,0.00,0.00,0.00
qaenv-cyberthreats,600,2018-10-25 04:05:01 UTC,br-49e5983ece52,11.26,14.67,17.06,3.21,0.00,0.00,0.00,0.00
qaenv-cyberthreats,600,2018-10-25 04:05:01 UTC,vethd016d19,3.61,4.63,15.44,0.72,0.00,0.00,0.00,0.00
qaenv-cyberthreats,600,2018-10-25 04:05:01 UTC,docker0,0.00,0.00,0.00,0.00,0.00,0.00,0.00,0.00
qaenv-cyberthreats,600,2018-10-25 04:05:01 UTC,eth0,13.02,8.13,3.65,20.13,0.00,0.00,0.00,0.00
qaenv-cyberthreats,600,2018-10-25 04:15:01 UTC,vetha9bc24f,16.67,19.36,7.35,3.02,0.00,0.00,0.00,0.00
qaenv-cyberthreats,600,2018-10-25 04:15:01 UTC,lo,70.10,70.10,45.09,45.09,0.00,0.00,0.00,0.00
qaenv-cyberthreats,600,2018-10-25 04:15:01 UTC,veth2376688,12.21,16.89,2.01,2.30,0.00,0.00,0.00,0.00
qaenv-cyberthreats,600,2018-10-25 04:15:01 UTC,br-49e5983ece52,32.95,41.22,37.46,7.23,0.00,0.00,0.00,0.00
qaenv-cyberthreats,600,2018-10-25 04:15:01 UTC,vethd016d19,4.07,4.96,28.55,1.90,0.00,0.00,0.00,0.00
qaenv-cyberthreats,600,2018-10-25 04:15:01 UTC,docker0,0.00,0.00,0.00,0.00,0.00,0.00,0.00,0.00
qaenv-cyberthreats,600,2018-10-25 04:15:01 UTC,eth0,33.37,20.12,4.96,53.79,0.00,0.00,0.00,0.00
qaenv-cyberthreats,600,2018-10-25 04:25:01 UTC,vetha9bc24f,24.64,28.55,11.89,4.71,0.00,0.00,0.00,0.00
qaenv-cyberthreats,600,2018-10-25 04:25:01 UTC,lo,96.49,96.49,81.19,81.19,0.00,0.00,0.00,0.00
qaenv-cyberthreats,600,2018-10-25 04:25:01 UTC,veth2376688,14.23,19.99,2.87,2.78,0.00,0.00,0.00,0.00
qaenv-cyberthreats,600,2018-10-25 04:25:01 UTC,br-49e5983ece52,45.52,56.58,72.09,8.78,0.00,0.00,0.00,0.00
qaenv-cyberthreats,600,2018-10-25 04:25:01 UTC,vethd016d19,6.65,8.04,57.96,1.29,0.00,0.00,0.00,0.00
qaenv-cyberthreats,600,2018-10-25 04:25:01 UTC,docker0,0.00,0.00,0.00,0.00,0.00,0.00,0.00,0.00
qaenv-cyberthreats,600,2018-10-25 04:25:01 UTC,eth0,37.98,23.44,6.65,58.02,0.00,0.00,0.00,0.00
qaenv-cyberthreats,600,2018-10-25 04:35:01 UTC,vetha9bc24f,35.83,43.15,21.51,6.39,0.00,0.00,0.00,0.00
qaenv-cyberthreats,600,2018-10-25 04:35:01 UTC,lo,131.77,131.77,86.10,86.10,0.00,0.00,0.00,0.00
qaenv-cyberthreats,600,2018-10-25 04:35:01 UTC,veth2376688,19.93,28.31,3.55,5.12,0.00,0.00,0.00,0.00
qaenv-cyberthreats,600,2018-10-25 04:35:01 UTC,br-49e5983ece52,60.96,77.79,73.52,12.52,0.00,0.00,0.00,0.00
qaenv-cyberthreats,600,2018-10-25 04:35:01 UTC,vethd016d19,5.21,6.33,49.29,1.01,0.00,0.00,0.00,0.00
qaenv-cyberthreats,600,2018-10-25 04:35:01 UTC,docker0,0.00,0.00,0.00,0.00,0.00,0.00,0.00,0.00
qaenv-cyberthreats,600,2018-10-25 04:35:01 UTC,eth0,42.90,28.35,8.74,48.53,0.00,0.00,0.00,0.00
qaenv-cyberthreats,600,2018-10-25 04:45:01 UTC,vetha9bc24f,22.68,26.76,11.51,4.04,0.00,0.00,0.00,0.00
qaenv-cyberthreats,600,2018-10-25 04:45:01 UTC,lo,93.61,93.61,78.69,78.69,0.00,0.00,0.00,0.00
qaenv-cyberthreats,600,2018-10-25 04:45:01 UTC,veth2376688,15.19,21.10,3.26,2.92,0.00,0.00,0.00,0.00
qaenv-cyberthreats,600,2018-10-25 04:45:01 UTC,br-49e5983ece52,44.10,55.31,70.66,8.12,0.00,0.00,0.00,0.00
qaenv-cyberthreats,600,2018-10-25 04:45:01 UTC,vethd016d19,6.23,7.45,56.48,1.16,0.00,0.00,0.00,0.00
qaenv-cyberthreats,600,2018-10-25 04:45:01 UTC,docker0,0.00,0.00,0.00,0.00,0.00,0.00,0.00,0.00
qaenv-cyberthreats,600,2018-10-25 04:45:01 UTC,eth0,40.69,30.99,8.02,44.81,0.00,0.00,0.00,0.00
qaenv-cyberthreats,600,2018-10-25 04:55:01 UTC,vetha9bc24f,25.26,30.08,13.52,4.51,0.00,0.00,0.00,0.00
qaenv-cyberthreats,600,2018-10-25 04:55:01 UTC,lo,101.06,101.06,72.76,72.76,0.00,0.00,0.00,0.00
qaenv-cyberthreats,600,2018-10-25 04:55:01 UTC,veth2376688,16.17,22.77,3.33,3.18,0.00,0.00,0.00,0.00
qaenv-cyberthreats,600,2018-10-25 04:55:01 UTC,br-49e5983ece52,46.62,59.22,62.95,9.76,0.00,0.00,0.00,0.00
qaenv-cyberthreats,600,2018-10-25 04:55:01 UTC,vethd016d19,5.18,6.37,46.74,2.07,0.00,0.00,0.00,0.00
qaenv-cyberthreats,600,2018-10-25 04:55:01 UTC,docker0,0.00,0.00,0.00,0.00,0.00,0.00,0.00,0.00
qaenv-cyberthreats,600,2018-10-25 04:55:01 UTC,eth0,39.89,31.14,7.48,43.84,0.00,0.00,0.00,0.00
qaenv-cyberthreats,600,2018-10-25 05:05:01 UTC,vetha9bc24f,29.99,35.34,15.77,5.53,0.00,0.00,0.00,0.00
qaenv-cyberthreats,600,2018-10-25 05:05:01 UTC,lo,116.49,116.49,95.27,95.27,0.00,0.00,0.00,0.00
qaenv-cyberthreats,600,2018-10-25 05:05:01 UTC,veth2376688,17.44,24.44,3.37,4.55,0.00,0.00,0.00,0.00
qaenv-cyberthreats,600,2018-10-25 05:05:01 UTC,br-49e5983ece52,54.55,68.48,83.45,11.46,0.00,0.00,0.00,0.00
qaenv-cyberthreats,600,2018-10-25 05:05:01 UTC,vethd016d19,7.12,8.70,65.05,1.38,0.00,0.00,0.00,0.01
qaenv-cyberthreats,600,2018-10-25 05:05:01 UTC,docker0,0.00,0.00,0.00,0.00,0.00,0.00,0.00,0.00
qaenv-cyberthreats,600,2018-10-25 05:05:01 UTC,eth0,43.88,34.93,8.65,60.89,0.00,0.00,0.00,0.00
qaenv-cyberthreats,600,2018-10-25 05:15:01 UTC,vetha9bc24f,29.95,36.04,17.17,5.21,0.00,0.00,0.00,0.00
qaenv-cyberthreats,600,2018-10-25 05:15:01 UTC,lo,119.18,119.18,101.61,101.61,0.00,0.00,0.00,0.00
qaenv-cyberthreats,600,2018-10-25 05:15:01 UTC,veth2376688,18.67,26.23,3.94,3.64,0.00,0.00,0.00,0.00
qaenv-cyberthreats,600,2018-10-25 05:15:01 UTC,br-49e5983ece52,55.29,70.32,91.56,10.11,0.00,0.00,0.00,0.00
qaenv-cyberthreats,600,2018-10-25 05:15:01 UTC,vethd016d19,6.68,8.05,71.21,1.27,0.00,0.00,0.00,0.01
qaenv-cyberthreats,600,2018-10-25 05:15:01 UTC,docker0,0.00,0.00,0.00,0.00,0.00,0.00,0.00,0.00
qaenv-cyberthreats,600,2018-10-25 05:15:01 UTC,eth0,43.72,33.54,8.46,43.52,0.00,0.00,0.00,0.00
qaenv-cyberthreats,600,2018-10-25 05:25:01 UTC,vetha9bc24f,14.05,16.58,7.09,2.63,0.00,0.00,0.00,0.00
qaenv-cyberthreats,600,2018-10-25 05:25:01 UTC,lo,68.18,68.18,83.37,83.37,0.00,0.00,0.00,0.00
qaenv-cyberthreats,600,2018-10-25 05:25:01 UTC,veth2376688,11.63,16.17,2.54,2.22,0.00,0.00,0.00,0.00
qaenv-cyberthreats,600,2018-10-25 05:25:01 UTC,br-49e5983ece52,32.79,41.12,77.29,6.15,0.00,0.00,0.00,0.00
qaenv-cyberthreats,600,2018-10-25 05:25:01 UTC,vethd016d19,7.10,8.37,68.11,1.30,0.00,0.00,0.00,0.01
qaenv-cyberthreats,600,2018-10-25 05:25:01 UTC,docker0,0.00,0.00,0.00,0.00,0.00,0.00,0.00,0.00
qaenv-cyberthreats,600,2018-10-25 05:25:01 UTC,eth0,23.78,18.77,5.11,32.83,0.00,0.00,0.00,0.00
qaenv-cyberthreats,600,2018-10-25 05:35:01 UTC,vetha9bc24f,22.05,26.18,11.74,3.78,0.00,0.00,0.00,0.00
qaenv-cyberthreats,600,2018-10-25 05:35:01 UTC,lo,94.76,94.76,80.93,80.93,0.00,0.00,0.00,0.00
qaenv-cyberthreats,600,2018-10-25 05:35:01 UTC,veth2376688,16.41,22.31,3.57,4.24,0.00,0.00,0.00,0.00
qaenv-cyberthreats,600,2018-10-25 05:35:01 UTC,br-49e5983ece52,44.70,55.96,72.04,9.17,0.00,0.00,0.00,0.00
qaenv-cyberthreats,600,2018-10-25 05:35:01 UTC,vethd016d19,6.23,7.47,57.34,1.15,0.00,0.00,0.00,0.00
qaenv-cyberthreats,600,2018-10-25 05:35:01 UTC,docker0,0.00,0.00,0.00,0.00,0.00,0.00,0.00,0.00
qaenv-cyberthreats,600,2018-10-25 05:35:01 UTC,eth0,40.96,31.84,9.45,37.46,0.00,0.00,0.00,0.00
qaenv-cyberthreats,600,2018-10-25 05:45:01 UTC,vetha9bc24f,20.46,23.43,8.88,3.78,0.00,0.00,0.00,0.00
qaenv-cyberthreats,600,2018-10-25 05:45:01 UTC,lo,82.62,82.62,57.03,57.03,0.00,0.00,0.00,0.00
qaenv-cyberthreats,600,2018-10-25 05:45:01 UTC,veth2376688,13.20,18.38,2.38,2.55,0.00,0.00,0.00,0.00
qaenv-cyberthreats,600,2018-10-25 05:45:01 UTC,br-49e5983ece52,38.45,47.59,49.46,7.22,0.00,0.00,0.00,0.00
qaenv-cyberthreats,600,2018-10-25 05:45:01 UTC,vethd016d19,4.79,5.77,38.72,0.89,0.00,0.00,0.00,0.00
qaenv-cyberthreats,600,2018-10-25 05:45:01 UTC,docker0,0.00,0.00,0.00,0.00,0.00,0.00,0.00,0.00
qaenv-cyberthreats,600,2018-10-25 05:45:01 UTC,eth0,34.38,26.76,5.35,51.06,0.00,0.00,0.00,0.00
qaenv-cyberthreats,600,2018-10-25 05:55:01 UTC,vetha9bc24f,0.24,0.49,0.02,0.03,0.00,0.00,0.00,0.00
qaenv-cyberthreats,600,2018-10-25 05:55:01 UTC,lo,22.38,22.38,39.91,39.91,0.00,0.00,0.00,0.00
qaenv-cyberthreats,600,2018-10-25 05:55:01 UTC,veth2376688,7.17,9.23,2.91,3.52,0.00,0.00,0.00,0.00
qaenv-cyberthreats,600,2018-10-25 05:55:01 UTC,br-49e5983ece52,12.12,15.10,32.89,7.56,0.00,0.00,0.00,0.00
qaenv-cyberthreats,600,2018-10-25 05:55:01 UTC,vethd016d19,4.70,5.39,30.13,4.01,0.00,0.00,0.00,0.00
qaenv-cyberthreats,600,2018-10-25 05:55:01 UTC,docker0,0.00,0.00,0.00,0.00,0.00,0.00,0.00,0.00
qaenv-cyberthreats,600,2018-10-25 05:55:01 UTC,eth0,15.36,12.11,1.42,29.82,0.00,0.00,0.00,0.00
qaenv-cyberthreats,600,2018-10-25 06:05:01 UTC,vetha9bc24f,0.34,0.67,0.03,0.04,0.00,0.00,0.00,0.00
qaenv-cyberthreats,600,2018-10-25 06:05:01 UTC,lo,28.07,28.07,96.87,96.87,0.00,0.00,0.00,0.00
qaenv-cyberthreats,600,2018-10-25 06:05:01 UTC,veth2376688,8.81,11.00,7.07,9.45,0.00,0.00,0.00,0.00
qaenv-cyberthreats,600,2018-10-25 06:05:01 UTC,br-49e5983ece52,16.19,19.14,83.85,13.73,0.00,0.00,0.00,0.00
qaenv-cyberthreats,600,2018-10-25 06:05:01 UTC,vethd016d19,7.04,7.47,76.98,4.23,0.00,0.00,0.00,0.01
qaenv-cyberthreats,600,2018-10-25 06:05:01 UTC,docker0,0.00,0.00,0.00,0.00,0.00,0.00,0.00,0.00
qaenv-cyberthreats,600,2018-10-25 06:05:01 UTC,eth0,20.92,17.04,3.33,37.60,0.00,0.00,0.00,0.00
qaenv-cyberthreats,600,2018-10-25 06:15:01 UTC,vetha9bc24f,0.21,0.43,0.02,0.03,0.00,0.00,0.00,0.00
qaenv-cyberthreats,600,2018-10-25 06:15:01 UTC,lo,22.11,22.11,45.81,45.81,0.00,0.00,0.00,0.00
qaenv-cyberthreats,600,2018-10-25 06:15:01 UTC,veth2376688,6.69,8.78,1.33,1.19,0.00,0.00,0.00,0.00
qaenv-cyberthreats,600,2018-10-25 06:15:01 UTC,br-49e5983ece52,11.71,14.65,43.26,3.05,0.00,0.00,0.00,0.00
qaenv-cyberthreats,600,2018-10-25 06:15:01 UTC,vethd016d19,4.80,5.44,42.07,1.83,0.00,0.00,0.00,0.00
qaenv-cyberthreats,600,2018-10-25 06:15:01 UTC,docker0,0.00,0.00,0.00,0.00,0.00,0.00,0.00,0.00
qaenv-cyberthreats,600,2018-10-25 06:15:01 UTC,eth0,17.14,13.73,1.93,34.28,0.00,0.00,0.00,0.00
qaenv-cyberthreats,600,2018-10-25 06:25:01 UTC,vetha9bc24f,0.09,0.17,0.01,0.01,0.00,0.00,0.00,0.00
qaenv-cyberthreats,600,2018-10-25 06:25:01 UTC,lo,18.52,18.52,16.43,16.43,0.00,0.00,0.00,0.00
qaenv-cyberthreats,600,2018-10-25 06:25:01 UTC,veth2376688,6.09,7.71,0.85,1.07,0.00,0.00,0.00,0.00
qaenv-cyberthreats,600,2018-10-25 06:25:01 UTC,br-49e5983ece52,8.97,11.33,10.65,5.89,0.00,0.00,0.00,0.00
qaenv-cyberthreats,600,2018-10-25 06:25:01 UTC,vethd016d19,2.78,3.45,9.92,4.80,0.00,0.00,0.00,0.00
qaenv-cyberthreats,600,2018-10-25 06:25:01 UTC,docker0,0.00,0.00,0.00,0.00,0.00,0.00,0.00,0.00
qaenv-cyberthreats,600,2018-10-25 06:25:01 UTC,eth0,29.09,24.23,2.13,11.29,0.00,0.00,0.00,0.00
qaenv-cyberthreats,600,2018-10-25 06:35:01 UTC,vetha9bc24f,0.23,0.45,0.02,0.03,0.00,0.00,0.00,0.00
qaenv-cyberthreats,600,2018-10-25 06:35:01 UTC,lo,21.25,21.25,24.98,24.98,0.00,0.00,0.00,0.00
qaenv-cyberthreats,600,2018-10-25 06:35:01 UTC,veth2376688,7.15,9.17,1.16,2.38,0.00,0.00,0.00,0.00
qaenv-cyberthreats,600,2018-10-25 06:35:01 UTC,br-49e5983ece52,10.80,13.93,20.43,4.95,0.00,0.00,0.00,0.00
qaenv-cyberthreats,600,2018-10-25 06:35:01 UTC,vethd016d19,3.42,4.31,19.40,2.55,0.00,0.00,0.00,0.00
qaenv-cyberthreats,600,2018-10-25 06:35:01 UTC,docker0,0.00,0.00,0.00,0.00,0.00,0.00,0.00,0.00
qaenv-cyberthreats,600,2018-10-25 06:35:01 UTC,eth0,16.16,13.30,2.69,28.16,0.00,0.00,0.00,0.00
qaenv-cyberthreats,600,2018-10-25 06:45:01 UTC,vetha9bc24f,0.66,1.01,0.07,0.13,0.00,0.00,0.00,0.00
qaenv-cyberthreats,600,2018-10-25 06:45:01 UTC,lo,107.24,107.24,110.34,110.34,0.00,0.00,0.00,0.00
qaenv-cyberthreats,600,2018-10-25 06:45:01 UTC,veth2376688,8.95,12.56,4.63,1.83,0.00,0.00,0.00,0.00
qaenv-cyberthreats,600,2018-10-25 06:45:01 UTC,br-49e5983ece52,21.08,27.16,59.07,4.79,0.00,0.00,0.00,0.00
qaenv-cyberthreats,600,2018-10-25 06:45:01 UTC,vethd016d19,11.47,13.59,54.66,2.83,0.00,0.00,0.00,0.00
qaenv-cyberthreats,600,2018-10-25 06:45:01 UTC,docker0,0.00,0.00,0.00,0.00,0.00,0.00,0.00,0.00
qaenv-cyberthreats,600,2018-10-25 06:45:01 UTC,eth0,15.76,11.48,4.49,25.74,0.00,0.00,0.00,0.00
qaenv-cyberthreats,600,2018-10-25 06:55:01 UTC,vetha9bc24f,0.33,0.66,0.03,0.04,0.00,0.00,0.00,0.00
qaenv-cyberthreats,600,2018-10-25 06:55:01 UTC,lo,23.13,23.13,30.33,30.33,0.00,0.00,0.00,0.00
qaenv-cyberthreats,600,2018-10-25 06:55:01 UTC,veth2376688,7.19,9.61,1.61,1.29,0.00,0.00,0.00,0.00
qaenv-cyberthreats,600,2018-10-25 06:55:01 UTC,br-49e5983ece52,11.37,15.16,28.56,2.15,0.00,0.00,0.00,0.00
qaenv-cyberthreats,600,2018-10-25 06:55:01 UTC,vethd016d19,3.84,4.89,27.08,0.82,0.00,0.00,0.00,0.00
qaenv-cyberthreats,600,2018-10-25 06:55:01 UTC,docker0,0.00,0.00,0.00,0.00,0.00,0.00,0.00,0.00
qaenv-cyberthreats,600,2018-10-25 06:55:01 UTC,eth0,15.76,12.37,1.56,30.54,0.00,0.00,0.00,0.00
qaenv-cyberthreats,600,2018-10-25 07:05:01 UTC,vetha9bc24f,0.25,0.50,0.02,0.03,0.00,0.00,0.00,0.00
qaenv-cyberthreats,600,2018-10-25 07:05:01 UTC,lo,22.49,22.49,18.76,18.76,0.00,0.00,0.00,0.00
qaenv-cyberthreats,600,2018-10-25 07:05:01 UTC,veth2376688,7.35,9.47,1.36,2.42,0.00,0.00,0.00,0.00
qaenv-cyberthreats,600,2018-10-25 07:05:01 UTC,br-49e5983ece52,11.26,14.76,15.09,4.05,0.00,0.00,0.00,0.00
qaenv-cyberthreats,600,2018-10-25 07:05:01 UTC,vethd016d19,3.66,4.80,13.86,1.60,0.00,0.00,0.00,0.00
qaenv-cyberthreats,600,2018-10-25 07:05:01 UTC,docker0,0.00,0.00,0.00,0.00,0.00,0.00,0.00,0.00
qaenv-cyberthreats,600,2018-10-25 07:05:01 UTC,eth0,19.25,15.77,2.95,36.08,0.00,0.00,0.00,0.00
qaenv-cyberthreats,600,2018-10-25 07:15:01 UTC,vetha9bc24f,0.30,0.55,0.03,0.05,0.00,0.00,0.00,0.00
qaenv-cyberthreats,600,2018-10-25 07:15:01 UTC,lo,57.09,57.09,40.46,40.46,0.00,0.00,0.00,0.00
qaenv-cyberthreats,600,2018-10-25 07:15:01 UTC,veth2376688,7.12,9.58,2.00,1.33,0.00,0.00,0.00,0.00
qaenv-cyberthreats,600,2018-10-25 07:15:01 UTC,br-49e5983ece52,13.81,18.25,20.39,8.95,0.00,0.00,0.00,0.00
qaenv-cyberthreats,600,2018-10-25 07:15:01 UTC,vethd016d19,6.39,8.12,18.55,7.57,0.00,0.00,0.00,0.00
qaenv-cyberthreats,600,2018-10-25 07:15:01 UTC,docker0,0.00,0.00,0.00,0.00,0.00,0.00,0.00,0.00
qaenv-cyberthreats,600,2018-10-25 07:15:01 UTC,eth0,11.40,9.46,2.14,19.35,0.00,0.00,0.00,0.00
qaenv-cyberthreats,600,2018-10-25 07:25:01 UTC,vetha9bc24f,0.49,0.78,0.05,0.09,0.00,0.00,0.00,0.00
qaenv-cyberthreats,600,2018-10-25 07:25:01 UTC,lo,53.81,53.81,48.35,48.35,0.00,0.00,0.00,0.00
qaenv-cyberthreats,600,2018-10-25 07:25:01 UTC,veth2376688,8.11,11.07,3.43,1.59,0.00,0.00,0.00,0.00
qaenv-cyberthreats,600,2018-10-25 07:25:01 UTC,br-49e5983ece52,16.46,21.91,23.30,13.10,0.00,0.00,0.00,0.00
qaenv-cyberthreats,600,2018-10-25 07:25:01 UTC,vethd016d19,7.85,10.05,20.05,11.42,0.00,0.00,0.00,0.00
qaenv-cyberthreats,600,2018-10-25 07:25:01 UTC,docker0,0.00,0.00,0.00,0.00,0.00,0.00,0.00,0.00
qaenv-cyberthreats,600,2018-10-25 07:25:01 UTC,eth0,20.21,15.96,6.06,31.70,0.00,0.00,0.00,0.00
qaenv-cyberthreats,601,2018-10-25 07:35:01 UTC,vetha9bc24f,0.29,0.51,0.03,0.05,0.00,0.00,0.00,0.00
qaenv-cyberthreats,601,2018-10-25 07:35:01 UTC,lo,45.68,45.68,35.29,35.29,0.00,0.00,0.00,0.00
qaenv-cyberthreats,601,2018-10-25 07:35:01 UTC,veth2376688,8.26,10.34,4.43,5.19,0.00,0.00,0.00,0.00
qaenv-cyberthreats,601,2018-10-25 07:35:01 UTC,br-49e5983ece52,13.24,16.89,18.52,10.52,0.00,0.00,0.00,0.00
qaenv-cyberthreats,601,2018-10-25 07:35:01 UTC,vethd016d19,4.70,6.04,14.25,5.28,0.00,0.00,0.00,0.00
qaenv-cyberthreats,601,2018-10-25 07:35:01 UTC,docker0,0.00,0.00,0.00,0.00,0.00,0.00,0.00,0.00
qaenv-cyberthreats,601,2018-10-25 07:35:01 UTC,eth0,8.83,7.52,3.14,9.95,0.00,0.00,0.00,0.00
qaenv-cyberthreats,600,2018-10-25 07:45:01 UTC,vetha9bc24f,0.02,0.03,0.00,0.00,0.00,0.00,0.00,0.00
qaenv-cyberthreats,600,2018-10-25 07:45:01 UTC,lo,13.73,13.73,4.16,4.16,0.00,0.00,0.00,0.00
qaenv-cyberthreats,600,2018-10-25 07:45:01 UTC,veth2376688,5.57,6.90,0.43,0.96,0.00,0.00,0.00,0.00
qaenv-cyberthreats,600,2018-10-25 07:45:01 UTC,br-49e5983ece52,6.32,8.03,2.12,2.18,0.00,0.00,0.00,0.00
qaenv-cyberthreats,600,2018-10-25 07:45:01 UTC,vethd016d19,0.73,1.10,1.77,1.21,0.00,0.00,0.00,0.00
qaenv-cyberthreats,600,2018-10-25 07:45:01 UTC,docker0,0.00,0.00,0.00,0.00,0.00,0.00,0.00,0.00
qaenv-cyberthreats,600,2018-10-25 07:45:01 UTC,eth0,1.14,1.01,0.12,2.02,0.00,0.00,0.00,0.00
qaenv-cyberthreats,600,2018-10-25 07:55:01 UTC,vetha9bc24f,0.60,0.90,0.06,0.13,0.00,0.00,0.00,0.00
qaenv-cyberthreats,600,2018-10-25 07:55:01 UTC,lo,82.72,82.72,107.48,107.48,0.00,0.00,0.00,0.00
qaenv-cyberthreats,600,2018-10-25 07:55:01 UTC,veth2376688,8.90,12.30,4.62,1.80,0.00,0.00,0.00,0.00
qaenv-cyberthreats,600,2018-10-25 07:55:01 UTC,br-49e5983ece52,17.59,22.96,86.25,3.34,0.00,0.00,0.00,0.00
qaenv-cyberthreats,600,2018-10-25 07:55:01 UTC,vethd016d19,8.09,9.76,81.81,1.41,0.00,0.00,0.00,0.01
qaenv-cyberthreats,600,2018-10-25 07:55:01 UTC,docker0,0.00,0.00,0.00,0.00,0.00,0.00,0.00,0.00
qaenv-cyberthreats,600,2018-10-25 07:55:01 UTC,eth0,9.01,6.96,2.05,14.77,0.00,0.00,0.00,0.00
qaenv-cyberthreats,600,2018-10-25 08:05:01 UTC,vetha9bc24f,0.00,0.00,0.00,0.00,0.00,0.00,0.00,0.00
qaenv-cyberthreats,600,2018-10-25 08:05:01 UTC,lo,13.61,13.61,2.48,2.48,0.00,0.00,0.00,0.00
qaenv-cyberthreats,600,2018-10-25 08:05:01 UTC,veth2376688,6.01,7.22,0.41,2.15,0.00,0.00,0.00,0.00
qaenv-cyberthreats,600,2018-10-25 08:05:01 UTC,br-49e5983ece52,6.34,7.86,0.41,2.20,0.00,0.00,0.00,0.00
qaenv-cyberthreats,600,2018-10-25 08:05:01 UTC,vethd016d19,0.33,0.64,0.08,0.06,0.00,0.00,0.00,0.00
qaenv-cyberthreats,600,2018-10-25 08:05:01 UTC,docker0,0.00,0.00,0.00,0.00,0.00,0.00,0.00,0.00
qaenv-cyberthreats,600,2018-10-25 08:05:01 UTC,eth0,2.02,1.88,1.39,0.23,0.00,0.00,0.00,0.00
qaenv-cyberthreats,600,2018-10-25 08:15:01 UTC,vetha9bc24f,0.00,0.00,0.00,0.00,0.00,0.00,0.00,0.00
qaenv-cyberthreats,600,2018-10-25 08:15:01 UTC,lo,12.87,12.87,1.27,1.27,0.00,0.00,0.00,0.00
qaenv-cyberthreats,600,2018-10-25 08:15:01 UTC,veth2376688,5.48,6.77,0.38,0.95,0.00,0.00,0.00,0.00
qaenv-cyberthreats,600,2018-10-25 08:15:01 UTC,br-49e5983ece52,5.80,7.38,0.38,1.00,0.00,0.00,0.00,0.00
qaenv-cyberthreats,600,2018-10-25 08:15:01 UTC,vethd016d19,0.32,0.62,0.08,0.06,0.00,0.00,0.00,0.00
qaenv-cyberthreats,600,2018-10-25 08:15:01 UTC,docker0,0.00,0.00,0.00,0.00,0.00,0.00,0.00,0.00
qaenv-cyberthreats,600,2018-10-25 08:15:01 UTC,eth0,0.11,0.09,0.01,0.02,0.00,0.00,0.00,0.00
qaenv-cyberthreats,600,2018-10-25 08:25:01 UTC,vetha9bc24f,0.00,0.00,0.00,0.00,0.00,0.00,0.00,0.00
qaenv-cyberthreats,600,2018-10-25 08:25:01 UTC,lo,12.89,12.89,1.27,1.27,0.00,0.00,0.00,0.00
qaenv-cyberthreats,600,2018-10-25 08:25:01 UTC,veth2376688,5.49,6.78,0.38,0.95,0.00,0.00,0.00,0.00
qaenv-cyberthreats,600,2018-10-25 08:25:01 UTC,br-49e5983ece52,5.81,7.40,0.38,1.00,0.00,0.00,0.00,0.00
qaenv-cyberthreats,600,2018-10-25 08:25:01 UTC,vethd016d19,0.32,0.62,0.08,0.06,0.00,0.00,0.00,0.00
qaenv-cyberthreats,600,2018-10-25 08:25:01 UTC,docker0,0.00,0.00,0.00,0.00,0.00,0.00,0.00,0.00
qaenv-cyberthreats,600,2018-10-25 08:25:01 UTC,eth0,0.67,0.44,0.05,0.10,0.00,0.00,0.00,0.00
qaenv-cyberthreats,600,2018-10-25 08:35:01 UTC,vetha9bc24f,0.00,0.00,0.00,0.00,0.00,0.00,0.00,0.00
qaenv-cyberthreats,600,2018-10-25 08:35:01 UTC,lo,13.61,13.61,2.48,2.48,0.00,0.00,0.00,0.00
qaenv-cyberthreats,600,2018-10-25 08:35:01 UTC,veth2376688,6.04,7.23,0.42,2.15,0.00,0.00,0.00,0.00
qaenv-cyberthreats,600,2018-10-25 08:35:01 UTC,br-49e5983ece52,6.35,7.85,0.41,2.20,0.00,0.00,0.00,0.00
qaenv-cyberthreats,600,2018-10-25 08:35:01 UTC,vethd016d19,0.32,0.62,0.08,0.06,0.00,0.00,0.00,0.00
qaenv-cyberthreats,600,2018-10-25 08:35:01 UTC,docker0,0.00,0.00,0.00,0.00,0.00,0.00,0.00,0.00
qaenv-cyberthreats,600,2018-10-25 08:35:01 UTC,eth0,2.02,1.89,1.39,0.23,0.00,0.00,0.00,0.00
qaenv-cyberthreats,600,2018-10-25 08:45:01 UTC,vetha9bc24f,0.00,0.00,0.00,0.00,0.00,0.00,0.00,0.00
qaenv-cyberthreats,600,2018-10-25 08:45:01 UTC,lo,12.89,12.89,1.27,1.27,0.00,0.00,0.00,0.00
qaenv-cyberthreats,600,2018-10-25 08:45:01 UTC,veth2376688,5.49,6.77,0.38,0.95,0.00,0.00,0.00,0.00
qaenv-cyberthreats,600,2018-10-25 08:45:01 UTC,br-49e5983ece52,5.81,7.39,0.38,1.00,0.00,0.00,0.00,0.00
qaenv-cyberthreats,600,2018-10-25 08:45:01 UTC,vethd016d19,0.32,0.62,0.08,0.06,0.00,0.00,0.00,0.00
qaenv-cyberthreats,600,2018-10-25 08:45:01 UTC,docker0,0.00,0.00,0.00,0.00,0.00,0.00,0.00,0.00
qaenv-cyberthreats,600,2018-10-25 08:45:01 UTC,eth0,0.02,0.02,0.00,0.00,0.00,0.00,0.00,0.00
qaenv-cyberthreats,600,2018-10-25 08:55:01 UTC,vetha9bc24f,0.00,0.00,0.00,0.00,0.00,0.00,0.00,0.00
qaenv-cyberthreats,600,2018-10-25 08:55:01 UTC,lo,12.86,12.86,1.27,1.27,0.00,0.00,0.00,0.00
qaenv-cyberthreats,600,2018-10-25 08:55:01 UTC,veth2376688,5.48,6.76,0.38,0.95,0.00,0.00,0.00,0.00
qaenv-cyberthreats,600,2018-10-25 08:55:01 UTC,br-49e5983ece52,5.79,7.38,0.38,1.00,0.00,0.00,0.00,0.00
qaenv-cyberthreats,600,2018-10-25 08:55:01 UTC,vethd016d19,0.32,0.62,0.08,0.06,0.00,0.00,0.00,0.00
qaenv-cyberthreats,600,2018-10-25 08:55:01 UTC,docker0,0.00,0.00,0.00,0.00,0.00,0.00,0.00,0.00
qaenv-cyberthreats,600,2018-10-25 08:55:01 UTC,eth0,0.02,0.02,0.00,0.00,0.00,0.00,0.00,0.00
qaenv-cyberthreats,600,2018-10-25 09:05:01 UTC,vetha9bc24f,0.00,0.00,0.00,0.00,0.00,0.00,0.00,0.00
qaenv-cyberthreats,600,2018-10-25 09:05:01 UTC,lo,13.68,13.68,2.48,2.48,0.00,0.00,0.00,0.00
qaenv-cyberthreats,600,2018-10-25 09:05:01 UTC,veth2376688,6.04,7.26,0.42,2.15,0.00,0.00,0.00,0.00
qaenv-cyberthreats,600,2018-10-25 09:05:01 UTC,br-49e5983ece52,6.37,7.90,0.41,2.21,0.00,0.00,0.00,0.00
qaenv-cyberthreats,600,2018-10-25 09:05:01 UTC,vethd016d19,0.33,0.64,0.08,0.06,0.00,0.00,0.00,0.00
qaenv-cyberthreats,600,2018-10-25 09:05:01 UTC,docker0,0.00,0.00,0.00,0.00,0.00,0.00,0.00,0.00
qaenv-cyberthreats,600,2018-10-25 09:05:01 UTC,eth0,2.00,1.91,1.39,0.23,0.00,0.00,0.00,0.00
qaenv-cyberthreats,600,2018-10-25 09:15:01 UTC,vetha9bc24f,0.00,0.00,0.00,0.00,0.00,0.00,0.00,0.00
qaenv-cyberthreats,600,2018-10-25 09:15:01 UTC,lo,12.88,12.88,1.27,1.27,0.00,0.00,0.00,0.00
qaenv-cyberthreats,600,2018-10-25 09:15:01 UTC,veth2376688,5.49,6.77,0.38,0.95,0.00,0.00,0.00,0.00
qaenv-cyberthreats,600,2018-10-25 09:15:01 UTC,br-49e5983ece52,5.81,7.39,0.38,1.00,0.00,0.00,0.00,0.00
qaenv-cyberthreats,600,2018-10-25 09:15:01 UTC,vethd016d19,0.32,0.62,0.08,0.06,0.00,0.00,0.00,0.00
qaenv-cyberthreats,600,2018-10-25 09:15:01 UTC,docker0,0.00,0.00,0.00,0.00,0.00,0.00,0.00,0.00
qaenv-cyberthreats,600,2018-10-25 09:15:01 UTC,eth0,0.04,0.03,0.01,0.01,0.00,0.00,0.00,0.00
qaenv-cyberthreats,600,2018-10-25 09:25:01 UTC,vetha9bc24f,0.00,0.00,0.00,0.00,0.00,0.00,0.00,0.00
qaenv-cyberthreats,600,2018-10-25 09:25:01 UTC,lo,12.87,12.87,1.27,1.27,0.00,0.00,0.00,0.00
qaenv-cyberthreats,600,2018-10-25 09:25:01 UTC,veth2376688,5.49,6.76,0.38,0.95,0.00,0.00,0.00,0.00
qaenv-cyberthreats,600,2018-10-25 09:25:01 UTC,br-49e5983ece52,5.80,7.38,0.38,1.00,0.00,0.00,0.00,0.00
qaenv-cyberthreats,600,2018-10-25 09:25:01 UTC,vethd016d19,0.32,0.62,0.08,0.06,0.00,0.00,0.00,0.00
qaenv-cyberthreats,600,2018-10-25 09:25:01 UTC,docker0,0.00,0.00,0.00,0.00,0.00,0.00,0.00,0.00
qaenv-cyberthreats,600,2018-10-25 09:25:01 UTC,eth0,0.03,0.02,0.00,0.01,0.00,0.00,0.00,0.00
qaenv-cyberthreats,600,2018-10-25 09:35:01 UTC,vetha9bc24f,0.00,0.00,0.00,0.00,0.00,0.00,0.00,0.00
qaenv-cyberthreats,600,2018-10-25 09:35:01 UTC,lo,13.62,13.62,2.48,2.48,0.00,0.00,0.00,0.00
qaenv-cyberthreats,600,2018-10-25 09:35:01 UTC,veth2376688,6.01,7.26,0.41,2.15,0.00,0.00,0.00,0.00
qaenv-cyberthreats,600,2018-10-25 09:35:01 UTC,br-49e5983ece52,6.33,7.88,0.41,2.21,0.00,0.00,0.00,0.00
qaenv-cyberthreats,600,2018-10-25 09:35:01 UTC,vethd016d19,0.32,0.62,0.08,0.06,0.00,0.00,0.00,0.00
qaenv-cyberthreats,600,2018-10-25 09:35:01 UTC,docker0,0.00,0.00,0.00,0.00,0.00,0.00,0.00,0.00
qaenv-cyberthreats,600,2018-10-25 09:35:01 UTC,eth0,2.04,1.92,1.39,0.23,0.00,0.00,0.00,0.00
qaenv-cyberthreats,600,2018-10-25 09:45:01 UTC,vetha9bc24f,0.00,0.00,0.00,0.00,0.00,0.00,0.00,0.00
qaenv-cyberthreats,600,2018-10-25 09:45:01 UTC,lo,12.87,12.87,1.27,1.27,0.00,0.00,0.00,0.00
qaenv-cyberthreats,600,2018-10-25 09:45:01 UTC,veth2376688,5.48,6.77,0.38,0.95,0.00,0.00,0.00,0.00
qaenv-cyberthreats,600,2018-10-25 09:45:01 UTC,br-49e5983ece52,5.80,7.39,0.38,1.00,0.00,0.00,0.00,0.00
qaenv-cyberthreats,600,2018-10-25 09:45:01 UTC,vethd016d19,0.32,0.62,0.08,0.06,0.00,0.00,0.00,0.00
qaenv-cyberthreats,600,2018-10-25 09:45:01 UTC,docker0,0.00,0.00,0.00,0.00,0.00,0.00,0.00,0.00
qaenv-cyberthreats,600,2018-10-25 09:45:01 UTC,eth0,0.02,0.02,0.00,0.00,0.00,0.00,0.00,0.00
qaenv-cyberthreats,600,2018-10-25 09:55:01 UTC,vetha9bc24f,0.01,0.01,0.00,0.00,0.00,0.00,0.00,0.00
qaenv-cyberthreats,600,2018-10-25 09:55:01 UTC,lo,12.91,12.91,1.27,1.27,0.00,0.00,0.00,0.00
qaenv-cyberthreats,600,2018-10-25 09:55:01 UTC,veth2376688,5.49,6.78,0.38,0.95,0.00,0.00,0.00,0.00
qaenv-cyberthreats,600,2018-10-25 09:55:01 UTC,br-49e5983ece52,5.82,7.40,0.38,1.01,0.00,0.00,0.00,0.00
qaenv-cyberthreats,600,2018-10-25 09:55:01 UTC,vethd016d19,0.32,0.62,0.08,0.06,0.00,0.00,0.00,0.00
qaenv-cyberthreats,600,2018-10-25 09:55:01 UTC,docker0,0.00,0.00,0.00,0.00,0.00,0.00,0.00,0.00
qaenv-cyberthreats,600,2018-10-25 09:55:01 UTC,eth0,0.02,0.02,0.00,0.00,0.00,0.00,0.00,0.00
qaenv-cyberthreats,600,2018-10-25 10:05:01 UTC,vetha9bc24f,0.00,0.00,0.00,0.00,0.00,0.00,0.00,0.00
qaenv-cyberthreats,600,2018-10-25 10:05:01 UTC,lo,13.58,13.58,2.48,2.48,0.00,0.00,0.00,0.00
qaenv-cyberthreats,600,2018-10-25 10:05:01 UTC,veth2376688,6.03,7.17,0.42,2.14,0.00,0.00,0.00,0.00
qaenv-cyberthreats,600,2018-10-25 10:05:01 UTC,br-49e5983ece52,6.36,7.81,0.41,2.20,0.00,0.00,0.00,0.00
qaenv-cyberthreats,600,2018-10-25 10:05:01 UTC,vethd016d19,0.33,0.64,0.08,0.06,0.00,0.00,0.00,0.00
qaenv-cyberthreats,600,2018-10-25 10:05:01 UTC,docker0,0.00,0.00,0.00,0.00,0.00,0.00,0.00,0.00
qaenv-cyberthreats,600,2018-10-25 10:05:01 UTC,eth0,6.79,3.25,8.36,0.32,0.00,0.00,0.00,0.00
qaenv-cyberthreats,600,2018-10-25 10:15:01 UTC,vetha9bc24f,0.00,0.00,0.00,0.00,0.00,0.00,0.00,0.00
qaenv-cyberthreats,600,2018-10-25 10:15:01 UTC,lo,12.82,12.82,1.26,1.26,0.00,0.00,0.00,0.00
qaenv-cyberthreats,600,2018-10-25 10:15:01 UTC,veth2376688,5.47,6.74,0.38,0.94,0.00,0.00,0.00,0.00
qaenv-cyberthreats,600,2018-10-25 10:15:01 UTC,br-49e5983ece52,5.78,7.35,0.38,1.00,0.00,0.00,0.00,0.00
qaenv-cyberthreats,600,2018-10-25 10:15:01 UTC,vethd016d19,0.32,0.62,0.08,0.06,0.00,0.00,0.00,0.00
qaenv-cyberthreats,600,2018-10-25 10:15:01 UTC,docker0,0.00,0.00,0.00,0.00,0.00,0.00,0.00,0.00
qaenv-cyberthreats,600,2018-10-25 10:15:01 UTC,eth0,0.24,0.12,0.29,0.01,0.00,0.00,0.00,0.00
qaenv-cyberthreats,600,2018-10-25 10:25:01 UTC,vetha9bc24f,0.00,0.00,0.00,0.00,0.00,0.00,0.00,0.00
qaenv-cyberthreats,600,2018-10-25 10:25:01 UTC,lo,12.90,12.90,1.27,1.27,0.00,0.00,0.00,0.00
qaenv-cyberthreats,600,2018-10-25 10:25:01 UTC,veth2376688,5.50,6.78,0.38,0.95,0.00,0.00,0.00,0.00
qaenv-cyberthreats,600,2018-10-25 10:25:01 UTC,br-49e5983ece52,5.82,7.40,0.38,1.01,0.00,0.00,0.00,0.00
qaenv-cyberthreats,600,2018-10-25 10:25:01 UTC,vethd016d19,0.32,0.62,0.08,0.06,0.00,0.00,0.00,0.00
qaenv-cyberthreats,600,2018-10-25 10:25:01 UTC,docker0,0.00,0.00,0.00,0.00,0.00,0.00,0.00,0.00
qaenv-cyberthreats,600,2018-10-25 10:25:01 UTC,eth0,0.05,0.05,0.01,0.01,0.00,0.00,0.00,0.00
qaenv-cyberthreats,600,2018-10-25 10:35:01 UTC,vetha9bc24f,0.00,0.00,0.00,0.00,0.00,0.00,0.00,0.00
qaenv-cyberthreats,600,2018-10-25 10:35:01 UTC,lo,13.51,13.51,2.47,2.47,0.00,0.00,0.00,0.00
qaenv-cyberthreats,600,2018-10-25 10:35:01 UTC,veth2376688,6.02,7.16,0.42,2.14,0.00,0.00,0.00,0.00
qaenv-cyberthreats,600,2018-10-25 10:35:01 UTC,br-49e5983ece52,6.34,7.77,0.41,2.20,0.00,0.00,0.00,0.00
qaenv-cyberthreats,600,2018-10-25 10:35:01 UTC,vethd016d19,0.32,0.62,0.08,0.06,0.00,0.00,0.00,0.00
qaenv-cyberthreats,600,2018-10-25 10:35:01 UTC,docker0,0.00,0.00,0.00,0.00,0.00,0.00,0.00,0.00
qaenv-cyberthreats,600,2018-10-25 10:35:01 UTC,eth0,1.97,1.98,1.39,0.23,0.00,0.00,0.00,0.00
qaenv-cyberthreats,600,2018-10-25 10:45:01 UTC,vetha9bc24f,0.00,0.00,0.00,0.00,0.00,0.00,0.00,0.00
qaenv-cyberthreats,600,2018-10-25 10:45:01 UTC,lo,12.86,12.86,1.27,1.27,0.00,0.00,0.00,0.00
qaenv-cyberthreats,600,2018-10-25 10:45:01 UTC,veth2376688,5.48,6.75,0.38,0.95,0.00,0.00,0.00,0.00
qaenv-cyberthreats,600,2018-10-25 10:45:01 UTC,br-49e5983ece52,5.80,7.37,0.38,1.00,0.00,0.00,0.00,0.00
qaenv-cyberthreats,600,2018-10-25 10:45:01 UTC,vethd016d19,0.32,0.62,0.08,0.06,0.00,0.00,0.00,0.00
qaenv-cyberthreats,600,2018-10-25 10:45:01 UTC,docker0,0.00,0.00,0.00,0.00,0.00,0.00,0.00,0.00
qaenv-cyberthreats,600,2018-10-25 10:45:01 UTC,eth0,0.02,0.02,0.00,0.00,0.00,0.00,0.00,0.00
qaenv-cyberthreats,600,2018-10-25 10:55:01 UTC,vetha9bc24f,0.00,0.00,0.00,0.00,0.00,0.00,0.00,0.00
qaenv-cyberthreats,600,2018-10-25 10:55:01 UTC,lo,12.88,12.88,1.27,1.27,0.00,0.00,0.00,0.00
qaenv-cyberthreats,600,2018-10-25 10:55:01 UTC,veth2376688,5.49,6.77,0.38,0.95,0.00,0.00,0.00,0.00
qaenv-cyberthreats,600,2018-10-25 10:55:01 UTC,br-49e5983ece52,5.80,7.39,0.38,1.00,0.00,0.00,0.00,0.00
qaenv-cyberthreats,600,2018-10-25 10:55:01 UTC,vethd016d19,0.32,0.62,0.08,0.06,0.00,0.00,0.00,0.00
qaenv-cyberthreats,600,2018-10-25 10:55:01 UTC,docker0,0.00,0.00,0.00,0.00,0.00,0.00,0.00,0.00
qaenv-cyberthreats,600,2018-10-25 10:55:01 UTC,eth0,0.02,0.02,0.00,0.00,0.00,0.00,0.00,0.00
qaenv-cyberthreats,600,2018-10-25 11:05:01 UTC,vetha9bc24f,0.00,0.00,0.00,0.00,0.00,0.00,0.00,0.00
qaenv-cyberthreats,600,2018-10-25 11:05:01 UTC,lo,13.70,13.70,2.48,2.48,0.00,0.00,0.00,0.00
qaenv-cyberthreats,600,2018-10-25 11:05:01 UTC,veth2376688,6.03,7.29,0.42,2.15,0.00,0.00,0.00,0.00
qaenv-cyberthreats,600,2018-10-25 11:05:01 UTC,br-49e5983ece52,6.36,7.93,0.41,2.21,0.00,0.00,0.00,0.00
qaenv-cyberthreats,600,2018-10-25 11:05:01 UTC,vethd016d19,0.33,0.64,0.08,0.06,0.00,0.00,0.00,0.00
qaenv-cyberthreats,600,2018-10-25 11:05:01 UTC,docker0,0.00,0.00,0.00,0.00,0.00,0.00,0.00,0.00
qaenv-cyberthreats,600,2018-10-25 11:05:01 UTC,eth0,2.02,1.94,1.39,0.23,0.00,0.00,0.00,0.00
qaenv-cyberthreats,600,2018-10-25 11:15:01 UTC,vetha9bc24f,0.00,0.00,0.00,0.00,0.00,0.00,0.00,0.00
qaenv-cyberthreats,600,2018-10-25 11:15:01 UTC,lo,12.85,12.85,1.27,1.27,0.00,0.00,0.00,0.00
qaenv-cyberthreats,600,2018-10-25 11:15:01 UTC,veth2376688,5.48,6.75,0.38,0.95,0.00,0.00,0.00,0.00
qaenv-cyberthreats,600,2018-10-25 11:15:01 UTC,br-49e5983ece52,5.79,7.37,0.38,1.00,0.00,0.00,0.00,0.00
qaenv-cyberthreats,600,2018-10-25 11:15:01 UTC,vethd016d19,0.32,0.62,0.08,0.06,0.00,0.00,0.00,0.00
qaenv-cyberthreats,600,2018-10-25 11:15:01 UTC,docker0,0.00,0.00,0.00,0.00,0.00,0.00,0.00,0.00
qaenv-cyberthreats,600,2018-10-25 11:15:01 UTC,eth0,0.03,0.03,0.01,0.01,0.00,0.00,0.00,0.00
qaenv-cyberthreats,600,2018-10-25 11:25:01 UTC,vetha9bc24f,0.00,0.00,0.00,0.00,0.00,0.00,0.00,0.00
qaenv-cyberthreats,600,2018-10-25 11:25:01 UTC,lo,12.91,12.91,1.27,1.27,0.00,0.00,0.00,0.00
qaenv-cyberthreats,600,2018-10-25 11:25:01 UTC,veth2376688,5.50,6.79,0.38,0.95,0.00,0.00,0.00,0.00
qaenv-cyberthreats,600,2018-10-25 11:25:01 UTC,br-49e5983ece52,5.82,7.41,0.38,1.01,0.00,0.00,0.00,0.00
qaenv-cyberthreats,600,2018-10-25 11:25:01 UTC,vethd016d19,0.32,0.62,0.08,0.06,0.00,0.00,0.00,0.00
qaenv-cyberthreats,600,2018-10-25 11:25:01 UTC,docker0,0.00,0.00,0.00,0.00,0.00,0.00,0.00,0.00
qaenv-cyberthreats,600,2018-10-25 11:25:01 UTC,eth0,0.03,0.03,0.00,0.01,0.00,0.00,0.00,0.00
qaenv-cyberthreats,600,2018-10-25 11:35:01 UTC,vetha9bc24f,0.00,0.00,0.00,0.00,0.00,0.00,0.00,0.00
qaenv-cyberthreats,600,2018-10-25 11:35:01 UTC,lo,13.65,13.65,2.48,2.48,0.00,0.00,0.00,0.00
qaenv-cyberthreats,600,2018-10-25 11:35:01 UTC,veth2376688,6.04,7.27,0.42,2.15,0.00,0.00,0.00,0.00
qaenv-cyberthreats,600,2018-10-25 11:35:01 UTC,br-49e5983ece52,6.35,7.88,0.41,2.21,0.00,0.00,0.00,0.00
qaenv-cyberthreats,600,2018-10-25 11:35:01 UTC,vethd016d19,0.32,0.62,0.08,0.06,0.00,0.00,0.00,0.00
qaenv-cyberthreats,600,2018-10-25 11:35:01 UTC,docker0,0.00,0.00,0.00,0.00,0.00,0.00,0.00,0.00
qaenv-cyberthreats,600,2018-10-25 11:35:01 UTC,eth0,2.03,1.93,1.39,0.23,0.00,0.00,0.00,0.00
qaenv-cyberthreats,600,2018-10-25 11:45:01 UTC,vetha9bc24f,0.00,0.00,0.00,0.00,0.00,0.00,0.00,0.00
qaenv-cyberthreats,600,2018-10-25 11:45:01 UTC,lo,12.85,12.85,1.27,1.27,0.00,0.00,0.00,0.00
qaenv-cyberthreats,600,2018-10-25 11:45:01 UTC,veth2376688,5.47,6.76,0.38,0.95,0.00,0.00,0.00,0.00
qaenv-cyberthreats,600,2018-10-25 11:45:01 UTC,br-49e5983ece52,5.79,7.38,0.38,1.00,0.00,0.00,0.00,0.00
qaenv-cyberthreats,600,2018-10-25 11:45:01 UTC,vethd016d19,0.32,0.62,0.08,0.06,0.00,0.00,0.00,0.00
qaenv-cyberthreats,600,2018-10-25 11:45:01 UTC,docker0,0.00,0.00,0.00,0.00,0.00,0.00,0.00,0.00
qaenv-cyberthreats,600,2018-10-25 11:45:01 UTC,eth0,0.03,0.02,0.00,0.00,0.00,0.00,0.00,0.00
qaenv-cyberthreats,600,2018-10-25 11:55:01 UTC,vetha9bc24f,0.01,0.01,0.00,0.00,0.00,0.00,0.00,0.00
qaenv-cyberthreats,600,2018-10-25 11:55:01 UTC,lo,12.86,12.86,1.27,1.27,0.00,0.00,0.00,0.00
qaenv-cyberthreats,600,2018-10-25 11:55:01 UTC,veth2376688,5.47,6.75,0.38,0.95,0.00,0.00,0.00,0.00
qaenv-cyberthreats,600,2018-10-25 11:55:01 UTC,br-49e5983ece52,5.80,7.38,0.38,1.00,0.00,0.00,0.00,0.00
qaenv-cyberthreats,600,2018-10-25 11:55:01 UTC,vethd016d19,0.32,0.62,0.08,0.06,0.00,0.00,0.00,0.00
qaenv-cyberthreats,600,2018-10-25 11:55:01 UTC,docker0,0.00,0.00,0.00,0.00,0.00,0.00,0.00,0.00
qaenv-cyberthreats,600,2018-10-25 11:55:01 UTC,eth0,0.02,0.02,0.00,0.00,0.00,0.00,0.00,0.00
qaenv-cyberthreats,600,2018-10-25 12:05:01 UTC,vetha9bc24f,0.00,0.00,0.00,0.00,0.00,0.00,0.00,0.00
qaenv-cyberthreats,600,2018-10-25 12:05:01 UTC,lo,13.78,13.78,2.50,2.50,0.00,0.00,0.00,0.00
qaenv-cyberthreats,600,2018-10-25 12:05:01 UTC,veth2376688,6.04,7.30,0.42,2.15,0.00,0.00,0.00,0.00
qaenv-cyberthreats,600,2018-10-25 12:05:01 UTC,br-49e5983ece52,6.38,7.95,0.42,2.21,0.00,0.00,0.00,0.00
qaenv-cyberthreats,600,2018-10-25 12:05:01 UTC,vethd016d19,0.34,0.65,0.08,0.06,0.00,0.00,0.00,0.00
qaenv-cyberthreats,600,2018-10-25 12:05:01 UTC,docker0,0.00,0.00,0.00,0.00,0.00,0.00,0.00,0.00
qaenv-cyberthreats,600,2018-10-25 12:05:01 UTC,eth0,2.05,1.90,1.39,0.23,0.00,0.00,0.00,0.00
qaenv-cyberthreats,600,2018-10-25 12:15:01 UTC,vetha9bc24f,0.00,0.00,0.00,0.00,0.00,0.00,0.00,0.00
qaenv-cyberthreats,600,2018-10-25 12:15:01 UTC,lo,12.84,12.84,1.27,1.27,0.00,0.00,0.00,0.00
qaenv-cyberthreats,600,2018-10-25 12:15:01 UTC,veth2376688,5.47,6.75,0.38,0.95,0.00,0.00,0.00,0.00
qaenv-cyberthreats,600,2018-10-25 12:15:01 UTC,br-49e5983ece52,5.78,7.37,0.38,1.00,0.00,0.00,0.00,0.00
qaenv-cyberthreats,600,2018-10-25 12:15:01 UTC,vethd016d19,0.32,0.62,0.08,0.06,0.00,0.00,0.00,0.00
qaenv-cyberthreats,600,2018-10-25 12:15:01 UTC,docker0,0.00,0.00,0.00,0.00,0.00,0.00,0.00,0.00
qaenv-cyberthreats,600,2018-10-25 12:15:01 UTC,eth0,0.02,0.02,0.00,0.00,0.00,0.00,0.00,0.00
qaenv-cyberthreats,600,2018-10-25 12:25:01 UTC,vetha9bc24f,0.00,0.00,0.00,0.00,0.00,0.00,0.00,0.00
qaenv-cyberthreats,600,2018-10-25 12:25:01 UTC,lo,12.89,12.89,1.27,1.27,0.00,0.00,0.00,0.00
qaenv-cyberthreats,600,2018-10-25 12:25:01 UTC,veth2376688,5.50,6.77,0.38,0.95,0.00,0.00,0.00,0.00
qaenv-cyberthreats,600,2018-10-25 12:25:01 UTC,br-49e5983ece52,5.81,7.39,0.38,1.00,0.00,0.00,0.00,0.00
qaenv-cyberthreats,600,2018-10-25 12:25:01 UTC,vethd016d19,0.32,0.62,0.08,0.06,0.00,0.00,0.00,0.00
qaenv-cyberthreats,600,2018-10-25 12:25:01 UTC,docker0,0.00,0.00,0.00,0.00,0.00,0.00,0.00,0.00
qaenv-cyberthreats,600,2018-10-25 12:25:01 UTC,eth0,0.02,0.02,0.00,0.00,0.00,0.00,0.00,0.00
qaenv-cyberthreats,600,2018-10-25 12:35:01 UTC,vetha9bc24f,0.00,0.00,0.00,0.00,0.00,0.00,0.00,0.00
qaenv-cyberthreats,600,2018-10-25 12:35:01 UTC,lo,13.88,13.88,3.61,3.61,0.00,0.00,0.00,0.00
qaenv-cyberthreats,600,2018-10-25 12:35:01 UTC,veth2376688,6.01,7.27,0.42,2.15,0.00,0.00,0.00,0.00
qaenv-cyberthreats,600,2018-10-25 12:35:01 UTC,br-49e5983ece52,6.49,8.06,0.43,3.32,0.00,0.00,0.00,0.00
qaenv-cyberthreats,600,2018-10-25 12:35:01 UTC,vethd016d19,0.48,0.80,0.10,1.17,0.00,0.00,0.00,0.00
qaenv-cyberthreats,600,2018-10-25 12:35:01 UTC,docker0,0.00,0.00,0.00,0.00,0.00,0.00,0.00,0.00
qaenv-cyberthreats,600,2018-10-25 12:35:01 UTC,eth0,3.28,3.15,1.47,0.56,0.00,0.00,0.00,0.00
qaenv-cyberthreats,600,2018-10-25 12:45:01 UTC,vetha9bc24f,12.74,13.63,2.91,2.75,0.00,0.00,0.00,0.00
qaenv-cyberthreats,600,2018-10-25 12:45:01 UTC,lo,64.87,64.87,61.48,61.48,0.00,0.00,0.00,0.00
qaenv-cyberthreats,600,2018-10-25 12:45:01 UTC,veth2376688,8.53,11.62,2.35,1.62,0.00,0.00,0.00,0.00
qaenv-cyberthreats,600,2018-10-25 12:45:01 UTC,br-49e5983ece52,27.55,32.78,45.43,13.07,0.00,0.00,0.00,0.00
qaenv-cyberthreats,600,2018-10-25 12:45:01 UTC,vethd016d19,6.28,7.53,40.56,8.70,0.00,0.00,0.00,0.00
qaenv-cyberthreats,600,2018-10-25 12:45:01 UTC,docker0,0.00,0.00,0.00,0.00,0.00,0.00,0.00,0.00
qaenv-cyberthreats,600,2018-10-25 12:45:01 UTC,eth0,26.34,25.56,3.67,46.46,0.00,0.00,0.00,0.00
qaenv-cyberthreats,600,2018-10-25 12:55:01 UTC,vetha9bc24f,11.72,11.90,0.90,2.68,0.00,0.00,0.00,0.00
qaenv-cyberthreats,600,2018-10-25 12:55:01 UTC,lo,95.51,95.51,111.87,111.87,0.00,0.00,0.00,0.00
qaenv-cyberthreats,600,2018-10-25 12:55:01 UTC,veth2376688,8.98,12.30,6.49,5.14,0.00,0.00,0.00,0.00
qaenv-cyberthreats,600,2018-10-25 12:55:01 UTC,br-49e5983ece52,30.17,35.72,78.00,18.23,0.00,0.00,0.00,0.00
qaenv-cyberthreats,600,2018-10-25 12:55:01 UTC,vethd016d19,9.47,11.52,71.02,10.40,0.00,0.00,0.00,0.01
qaenv-cyberthreats,600,2018-10-25 12:55:01 UTC,docker0,0.00,0.00,0.00,0.00,0.00,0.00,0.00,0.00
qaenv-cyberthreats,600,2018-10-25 12:55:01 UTC,eth0,12.43,11.82,2.71,18.58,0.00,0.00,0.00,0.00
qaenv-cyberthreats,601,2018-10-25 13:05:01 UTC,vetha9bc24f,18.59,21.27,6.08,3.57,0.00,0.00,0.00,0.00
qaenv-cyberthreats,601,2018-10-25 13:05:01 UTC,lo,123.32,123.32,104.90,104.90,0.00,0.00,0.00,0.00
qaenv-cyberthreats,601,2018-10-25 13:05:01 UTC,veth2376688,14.64,20.31,7.29,7.90,0.00,0.00,0.00,0.00
qaenv-cyberthreats,601,2018-10-25 13:05:01 UTC,br-49e5983ece52,40.57,50.24,73.22,15.99,0.00,0.00,0.00,0.00
qaenv-cyberthreats,601,2018-10-25 13:05:01 UTC,vethd016d19,7.34,8.66,60.41,4.53,0.00,0.00,0.00,0.00
qaenv-cyberthreats,601,2018-10-25 13:05:01 UTC,docker0,0.00,0.00,0.00,0.00,0.00,0.00,0.00,0.00
qaenv-cyberthreats,601,2018-10-25 13:05:01 UTC,eth0,26.36,25.45,5.89,36.23,0.00,0.00,0.00,0.00
qaenv-cyberthreats,600,2018-10-25 13:15:01 UTC,vetha9bc24f,7.79,9.17,3.35,1.47,0.00,0.00,0.00,0.00
qaenv-cyberthreats,600,2018-10-25 13:15:01 UTC,lo,63.58,63.58,34.80,34.80,0.00,0.00,0.00,0.00
qaenv-cyberthreats,600,2018-10-25 13:15:01 UTC,veth2376688,8.72,11.79,1.72,1.65,0.00,0.00,0.00,0.00
qaenv-cyberthreats,600,2018-10-25 13:15:01 UTC,br-49e5983ece52,18.35,23.29,23.75,3.43,0.00,0.00,0.00,0.00
qaenv-cyberthreats,600,2018-10-25 13:15:01 UTC,vethd016d19,1.84,2.34,18.93,0.30,0.00,0.00,0.00,0.00
qaenv-cyberthreats,600,2018-10-25 13:15:01 UTC,docker0,0.00,0.00,0.00,0.00,0.00,0.00,0.00,0.00
qaenv-cyberthreats,600,2018-10-25 13:15:01 UTC,eth0,9.15,8.89,1.54,15.29,0.00,0.00,0.00,0.00
qaenv-cyberthreats,600,2018-10-25 13:25:01 UTC,vetha9bc24f,0.00,0.00,0.00,0.00,0.00,0.00,0.00,0.00
qaenv-cyberthreats,600,2018-10-25 13:25:01 UTC,lo,12.88,12.88,1.27,1.27,0.00,0.00,0.00,0.00
qaenv-cyberthreats,600,2018-10-25 13:25:01 UTC,veth2376688,5.49,6.77,0.38,0.95,0.00,0.00,0.00,0.00
qaenv-cyberthreats,600,2018-10-25 13:25:01 UTC,br-49e5983ece52,5.80,7.39,0.38,1.01,0.00,0.00,0.00,0.00
qaenv-cyberthreats,600,2018-10-25 13:25:01 UTC,vethd016d19,0.32,0.62,0.08,0.06,0.00,0.00,0.00,0.00
qaenv-cyberthreats,600,2018-10-25 13:25:01 UTC,docker0,0.00,0.00,0.00,0.00,0.00,0.00,0.00,0.00
qaenv-cyberthreats,600,2018-10-25 13:25:01 UTC,eth0,0.02,0.02,0.00,0.00,0.00,0.00,0.00,0.00
qaenv-cyberthreats,600,2018-10-25 13:35:01 UTC,vetha9bc24f,0.00,0.00,0.00,0.00,0.00,0.00,0.00,0.00
qaenv-cyberthreats,600,2018-10-25 13:35:01 UTC,lo,13.72,13.72,2.50,2.50,0.00,0.00,0.00,0.00
qaenv-cyberthreats,600,2018-10-25 13:35:01 UTC,veth2376688,6.04,7.25,0.42,2.15,0.00,0.00,0.00,0.00
qaenv-cyberthreats,600,2018-10-25 13:35:01 UTC,br-49e5983ece52,6.37,7.90,0.42,2.21,0.00,0.00,0.00,0.00
qaenv-cyberthreats,600,2018-10-25 13:35:01 UTC,vethd016d19,0.33,0.64,0.08,0.06,0.00,0.00,0.00,0.00
qaenv-cyberthreats,600,2018-10-25 13:35:01 UTC,docker0,0.00,0.00,0.00,0.00,0.00,0.00,0.00,0.00
qaenv-cyberthreats,600,2018-10-25 13:35:01 UTC,eth0,2.04,1.94,1.40,0.26,0.00,0.00,0.00,0.00
qaenv-cyberthreats,600,2018-10-25 13:45:01 UTC,vetha9bc24f,1.65,1.65,0.13,0.38,0.00,0.00,0.00,0.00
qaenv-cyberthreats,600,2018-10-25 13:45:01 UTC,lo,17.52,17.52,5.85,5.85,0.00,0.00,0.00,0.00
qaenv-cyberthreats,600,2018-10-25 13:45:01 UTC,veth2376688,5.76,7.21,0.69,1.01,0.00,0.00,0.00,0.00
qaenv-cyberthreats,600,2018-10-25 13:45:01 UTC,br-49e5983ece52,8.24,10.09,4.47,1.55,0.00,0.00,0.00,0.00
qaenv-cyberthreats,600,2018-10-25 13:45:01 UTC,vethd016d19,0.83,1.24,3.77,0.16,0.00,0.00,0.00,0.00
qaenv-cyberthreats,600,2018-10-25 13:45:01 UTC,docker0,0.00,0.00,0.00,0.00,0.00,0.00,0.00,0.00
qaenv-cyberthreats,600,2018-10-25 13:45:01 UTC,eth0,1.47,1.35,0.33,2.17,0.00,0.00,0.00,0.00
qaenv-cyberthreats,600,2018-10-25 13:55:01 UTC,vetha9bc24f,0.04,0.08,0.00,0.01,0.00,0.00,0.00,0.00
qaenv-cyberthreats,600,2018-10-25 13:55:01 UTC,lo,14.75,14.75,10.92,10.92,0.00,0.00,0.00,0.00
qaenv-cyberthreats,600,2018-10-25 13:55:01 UTC,veth2376688,5.68,7.11,0.54,0.99,0.00,0.00,0.00,0.00
qaenv-cyberthreats,600,2018-10-25 13:55:01 UTC,br-49e5983ece52,6.95,8.80,8.80,2.28,0.00,0.00,0.00,0.00
qaenv-cyberthreats,600,2018-10-25 13:55:01 UTC,vethd016d19,1.23,1.62,8.35,1.28,0.00,0.00,0.00,0.00
qaenv-cyberthreats,600,2018-10-25 13:55:01 UTC,docker0,0.00,0.00,0.00,0.00,0.00,0.00,0.00,0.00
qaenv-cyberthreats,600,2018-10-25 13:55:01 UTC,eth0,1.66,1.63,0.52,2.68,0.00,0.00,0.00,0.00
qaenv-cyberthreats,600,2018-10-25 14:05:01 UTC,vetha9bc24f,1.63,1.62,0.12,0.37,0.00,0.00,0.00,0.00
qaenv-cyberthreats,600,2018-10-25 14:05:01 UTC,lo,17.78,17.78,6.13,6.13,0.00,0.00,0.00,0.00
qaenv-cyberthreats,600,2018-10-25 14:05:01 UTC,veth2376688,6.14,7.46,0.51,2.18,0.00,0.00,0.00,0.00
qaenv-cyberthreats,600,2018-10-25 14:05:01 UTC,br-49e5983ece52,8.57,10.27,3.64,2.69,0.00,0.00,0.00,0.00
qaenv-cyberthreats,600,2018-10-25 14:05:01 UTC,vethd016d19,0.81,1.20,3.12,0.14,0.00,0.00,0.00,0.00
qaenv-cyberthreats,600,2018-10-25 14:05:01 UTC,docker0,0.00,0.00,0.00,0.00,0.00,0.00,0.00,0.00
qaenv-cyberthreats,600,2018-10-25 14:05:01 UTC,eth0,3.27,3.01,1.71,2.32,0.00,0.00,0.00,0.00
qaenv-cyberthreats,600,2018-10-25 14:15:01 UTC,vetha9bc24f,0.00,0.01,0.00,0.00,0.00,0.00,0.00,0.00
qaenv-cyberthreats,600,2018-10-25 14:15:01 UTC,lo,13.04,13.04,1.72,1.72,0.00,0.00,0.00,0.00
qaenv-cyberthreats,600,2018-10-25 14:15:01 UTC,veth2376688,5.51,6.82,0.39,0.96,0.00,0.00,0.00,0.00
qaenv-cyberthreats,600,2018-10-25 14:15:01 UTC,br-49e5983ece52,5.90,7.52,0.81,1.03,0.00,0.00,0.00,0.00
qaenv-cyberthreats,600,2018-10-25 14:15:01 UTC,vethd016d19,0.39,0.69,0.50,0.07,0.00,0.00,0.00,0.00
qaenv-cyberthreats,600,2018-10-25 14:15:01 UTC,docker0,0.00,0.00,0.00,0.00,0.00,0.00,0.00,0.00
qaenv-cyberthreats,600,2018-10-25 14:15:01 UTC,eth0,0.21,0.23,0.04,0.25,0.00,0.00,0.00,0.00
qaenv-cyberthreats,600,2018-10-25 14:25:01 UTC,vetha9bc24f,1.65,1.66,0.13,0.38,0.00,0.00,0.00,0.00
qaenv-cyberthreats,600,2018-10-25 14:25:01 UTC,lo,18.11,18.11,9.15,9.15,0.00,0.00,0.00,0.00
qaenv-cyberthreats,600,2018-10-25 14:25:01 UTC,veth2376688,5.68,7.19,0.57,1.00,0.00,0.00,0.00,0.00
qaenv-cyberthreats,600,2018-10-25 14:25:01 UTC,br-49e5983ece52,8.57,10.55,7.38,1.60,0.00,0.00,0.00,0.00
qaenv-cyberthreats,600,2018-10-25 14:25:01 UTC,vethd016d19,1.25,1.70,6.79,0.22,0.00,0.00,0.00,0.00
qaenv-cyberthreats,600,2018-10-25 14:25:01 UTC,docker0,0.00,0.00,0.00,0.00,0.00,0.00,0.00,0.00
qaenv-cyberthreats,600,2018-10-25 14:25:01 UTC,eth0,2.22,1.93,0.59,3.62,0.00,0.00,0.00,0.00
qaenv-cyberthreats,600,2018-10-25 14:35:01 UTC,vetha9bc24f,6.52,6.54,0.50,1.50,0.00,0.00,0.00,0.00
qaenv-cyberthreats,600,2018-10-25 14:35:01 UTC,lo,32.09,32.09,27.63,27.63,0.00,0.00,0.00,0.00
qaenv-cyberthreats,600,2018-10-25 14:35:01 UTC,veth2376688,6.67,8.40,0.96,2.29,0.00,0.00,0.00,0.00
qaenv-cyberthreats,600,2018-10-25 14:35:01 UTC,br-49e5983ece52,16.24,18.65,22.06,5.40,0.00,0.00,0.00,0.00
qaenv-cyberthreats,600,2018-10-25 14:35:01 UTC,vethd016d19,3.05,3.72,20.82,1.61,0.00,0.00,0.00,0.00
qaenv-cyberthreats,600,2018-10-25 14:35:01 UTC,docker0,0.00,0.00,0.00,0.00,0.00,0.00,0.00,0.00
qaenv-cyberthreats,600,2018-10-25 14:35:01 UTC,eth0,9.03,8.49,2.92,13.64,0.00,0.00,0.00,0.00
qaenv-cyberthreats,600,2018-10-25 14:45:01 UTC,vetha9bc24f,2.83,2.88,0.22,0.64,0.00,0.00,0.00,0.00
qaenv-cyberthreats,600,2018-10-25 14:45:01 UTC,lo,22.82,22.82,20.98,20.98,0.00,0.00,0.00,0.00
qaenv-cyberthreats,600,2018-10-25 14:45:01 UTC,veth2376688,5.93,7.62,0.81,1.06,0.00,0.00,0.00,0.00
qaenv-cyberthreats,600,2018-10-25 14:45:01 UTC,br-49e5983ece52,11.17,13.53,17.63,3.20,0.00,0.00,0.00,0.00
qaenv-cyberthreats,600,2018-10-25 14:45:01 UTC,vethd016d19,2.41,3.03,16.76,1.50,0.00,0.00,0.00,0.00
qaenv-cyberthreats,600,2018-10-25 14:45:01 UTC,docker0,0.00,0.00,0.00,0.00,0.00,0.00,0.00,0.00
qaenv-cyberthreats,600,2018-10-25 14:45:01 UTC,eth0,4.67,4.38,1.35,7.87,0.00,0.00,0.00,0.00
qaenv-cyberthreats,600,2018-10-25 14:55:01 UTC,vetha9bc24f,6.52,6.50,0.50,1.50,0.00,0.00,0.00,0.00
qaenv-cyberthreats,600,2018-10-25 14:55:01 UTC,lo,38.39,38.39,25.82,25.82,0.00,0.00,0.00,0.00
qaenv-cyberthreats,600,2018-10-25 14:55:01 UTC,veth2376688,6.12,7.91,1.01,1.10,0.00,0.00,0.00,0.00
qaenv-cyberthreats,600,2018-10-25 14:55:01 UTC,br-49e5983ece52,15.03,17.41,19.25,3.01,0.00,0.00,0.00,0.00
qaenv-cyberthreats,600,2018-10-25 14:55:01 UTC,vethd016d19,2.40,3.00,17.95,0.42,0.00,0.00,0.00,0.00
qaenv-cyberthreats,600,2018-10-25 14:55:01 UTC,docker0,0.00,0.00,0.00,0.00,0.00,0.00,0.00,0.00
qaenv-cyberthreats,600,2018-10-25 14:55:01 UTC,eth0,8.79,8.56,1.37,17.01,0.00,0.00,0.00,0.00
qaenv-cyberthreats,600,2018-10-25 15:05:01 UTC,vetha9bc24f,1.68,1.73,0.13,0.38,0.00,0.00,0.00,0.00
qaenv-cyberthreats,600,2018-10-25 15:05:01 UTC,lo,20.30,20.30,17.95,17.95,0.00,0.00,0.00,0.00
qaenv-cyberthreats,600,2018-10-25 15:05:01 UTC,veth2376688,6.44,7.98,0.76,2.24,0.00,0.00,0.00,0.00
qaenv-cyberthreats,600,2018-10-25 15:05:01 UTC,br-49e5983ece52,10.01,12.12,15.03,2.94,0.00,0.00,0.00,0.00
qaenv-cyberthreats,600,2018-10-25 15:05:01 UTC,vethd016d19,1.89,2.40,14.28,0.32,0.00,0.00,0.00,0.00
qaenv-cyberthreats,600,2018-10-25 15:05:01 UTC,docker0,0.00,0.00,0.00,0.00,0.00,0.00,0.00,0.00
qaenv-cyberthreats,600,2018-10-25 15:05:01 UTC,eth0,7.11,6.69,2.62,7.33,0.00,0.00,0.00,0.00
qaenv-cyberthreats,600,2018-10-25 15:15:01 UTC,vetha9bc24f,0.03,0.05,0.02,0.00,0.00,0.00,0.00,0.00
qaenv-cyberthreats,600,2018-10-25 15:15:01 UTC,lo,14.60,14.60,4.24,4.24,0.00,0.00,0.00,0.00
qaenv-cyberthreats,600,2018-10-25 15:15:01 UTC,veth2376688,5.83,7.03,0.48,1.00,0.00,0.00,0.00,0.00
qaenv-cyberthreats,600,2018-10-25 15:15:01 UTC,br-49e5983ece52,6.58,8.25,2.59,1.13,0.00,0.00,0.00,0.00
qaenv-cyberthreats,600,2018-10-25 15:15:01 UTC,vethd016d19,0.72,1.17,2.18,0.13,0.00,0.00,0.00,0.00
qaenv-cyberthreats,600,2018-10-25 15:15:01 UTC,docker0,0.00,0.00,0.00,0.00,0.00,0.00,0.00,0.00
qaenv-cyberthreats,600,2018-10-25 15:15:01 UTC,eth0,3.68,3.27,0.62,3.73,0.00,0.00,0.00,0.00
qaenv-cyberthreats,600,2018-10-25 15:25:01 UTC,vetha9bc24f,13.18,14.31,2.94,2.80,0.00,0.00,0.00,0.00
qaenv-cyberthreats,600,2018-10-25 15:25:01 UTC,lo,92.78,92.78,73.88,73.88,0.00,0.00,0.00,0.00
qaenv-cyberthreats,600,2018-10-25 15:25:01 UTC,veth2376688,9.56,12.93,2.94,1.80,0.00,0.00,0.00,0.00
qaenv-cyberthreats,600,2018-10-25 15:25:01 UTC,br-49e5983ece52,28.25,33.98,55.23,5.57,0.00,0.00,0.00,0.00
qaenv-cyberthreats,600,2018-10-25 15:25:01 UTC,vethd016d19,5.51,6.74,49.73,0.97,0.00,0.00,0.00,0.00
qaenv-cyberthreats,600,2018-10-25 15:25:01 UTC,docker0,0.00,0.00,0.00,0.00,0.00,0.00,0.00,0.00
qaenv-cyberthreats,600,2018-10-25 15:25:01 UTC,eth0,34.18,33.15,4.39,67.32,0.00,0.00,0.00,0.00
qaenv-cyberthreats,600,2018-10-25 15:35:01 UTC,vetha9bc24f,9.95,10.13,0.76,2.27,0.00,0.00,0.00,0.00
qaenv-cyberthreats,600,2018-10-25 15:35:01 UTC,lo,49.98,49.98,66.01,66.01,0.00,0.00,0.00,0.00
qaenv-cyberthreats,600,2018-10-25 15:35:01 UTC,veth2376688,8.52,11.04,3.84,4.76,0.00,0.00,0.00,0.00
qaenv-cyberthreats,600,2018-10-25 15:35:01 UTC,br-49e5983ece52,25.68,29.94,57.05,8.38,0.00,0.00,0.00,0.00
qaenv-cyberthreats,600,2018-10-25 15:35:01 UTC,vethd016d19,7.21,8.77,52.79,1.35,0.00,0.00,0.00,0.00
qaenv-cyberthreats,600,2018-10-25 15:35:01 UTC,docker0,0.00,0.00,0.00,0.00,0.00,0.00,0.00,0.00
qaenv-cyberthreats,600,2018-10-25 15:35:01 UTC,eth0,14.92,13.99,4.28,21.67,0.00,0.00,0.00,0.00
qaenv-cyberthreats,600,2018-10-25 15:45:01 UTC,vetha9bc24f,17.78,20.33,5.79,3.45,0.00,0.00,0.00,0.00
qaenv-cyberthreats,600,2018-10-25 15:45:01 UTC,lo,97.43,97.43,86.02,86.02,0.00,0.00,0.00,0.00
qaenv-cyberthreats,600,2018-10-25 15:45:01 UTC,veth2376688,13.62,18.81,7.79,7.95,0.00,0.00,0.00,0.00
qaenv-cyberthreats,600,2018-10-25 15:45:01 UTC,br-49e5983ece52,38.20,47.35,65.36,13.71,0.00,0.00,0.00,0.00
qaenv-cyberthreats,600,2018-10-25 15:45:01 UTC,vethd016d19,6.80,8.20,52.30,2.31,0.00,0.00,0.00,0.00
qaenv-cyberthreats,600,2018-10-25 15:45:01 UTC,docker0,0.00,0.00,0.00,0.00,0.00,0.00,0.00,0.00
qaenv-cyberthreats,600,2018-10-25 15:45:01 UTC,eth0,26.27,25.71,4.02,44.88,0.00,0.00,0.00,0.00
qaenv-cyberthreats,600,2018-10-25 15:55:01 UTC,vetha9bc24f,10.38,12.14,3.98,1.99,0.00,0.00,0.00,0.00
qaenv-cyberthreats,600,2018-10-25 15:55:01 UTC,lo,70.21,70.21,43.51,43.51,0.00,0.00,0.00,0.00
qaenv-cyberthreats,600,2018-10-25 15:55:01 UTC,veth2376688,9.97,13.43,2.05,1.86,0.00,0.00,0.00,0.00
qaenv-cyberthreats,600,2018-10-25 15:55:01 UTC,br-49e5983ece52,22.99,28.94,31.89,4.30,0.00,0.00,0.00,0.00
qaenv-cyberthreats,600,2018-10-25 15:55:01 UTC,vethd016d19,2.64,3.37,26.17,0.45,0.00,0.00,0.00,0.00
qaenv-cyberthreats,600,2018-10-25 15:55:01 UTC,docker0,0.00,0.00,0.00,0.00,0.00,0.00,0.00,0.00
qaenv-cyberthreats,600,2018-10-25 15:55:01 UTC,eth0,16.85,16.79,2.59,26.91,0.00,0.00,0.00,0.00
qaenv-cyberthreats,600,2018-10-25 16:05:01 UTC,vetha9bc24f,0.00,0.00,0.00,0.00,0.00,0.00,0.00,0.00
qaenv-cyberthreats,600,2018-10-25 16:05:01 UTC,lo,14.50,14.50,2.58,2.58,0.00,0.00,0.00,0.00
qaenv-cyberthreats,600,2018-10-25 16:05:01 UTC,veth2376688,6.41,7.42,0.44,2.19,0.00,0.00,0.00,0.00
qaenv-cyberthreats,600,2018-10-25 16:05:01 UTC,br-49e5983ece52,6.85,8.27,0.46,2.27,0.00,0.00,0.00,0.00
qaenv-cyberthreats,600,2018-10-25 16:05:01 UTC,vethd016d19,0.44,0.85,0.11,0.08,0.00,0.00,0.00,0.00
qaenv-cyberthreats,600,2018-10-25 16:05:01 UTC,docker0,0.00,0.00,0.00,0.00,0.00,0.00,0.00,0.00
qaenv-cyberthreats,600,2018-10-25 16:05:01 UTC,eth0,3.36,3.46,1.47,1.91,0.00,0.00,0.00,0.00
qaenv-cyberthreats,600,2018-10-25 16:15:01 UTC,vetha9bc24f,0.00,0.00,0.00,0.00,0.00,0.00,0.00,0.00
qaenv-cyberthreats,600,2018-10-25 16:15:01 UTC,lo,13.74,13.74,1.37,1.37,0.00,0.00,0.00,0.00
qaenv-cyberthreats,600,2018-10-25 16:15:01 UTC,veth2376688,5.87,6.96,0.41,0.99,0.00,0.00,0.00,0.00
qaenv-cyberthreats,600,2018-10-25 16:15:01 UTC,br-49e5983ece52,6.29,7.78,0.43,1.07,0.00,0.00,0.00,0.00
qaenv-cyberthreats,600,2018-10-25 16:15:01 UTC,vethd016d19,0.42,0.82,0.11,0.08,0.00,0.00,0.00,0.00
qaenv-cyberthreats,600,2018-10-25 16:15:01 UTC,docker0,0.00,0.00,0.00,0.00,0.00,0.00,0.00,0.00
qaenv-cyberthreats,600,2018-10-25 16:15:01 UTC,eth0,1.30,1.48,0.08,1.59,0.00,0.00,0.00,0.00
qaenv-cyberthreats,600,2018-10-25 16:25:01 UTC,vetha9bc24f,0.00,0.00,0.00,0.00,0.00,0.00,0.00,0.00
qaenv-cyberthreats,600,2018-10-25 16:25:01 UTC,lo,13.79,13.79,1.37,1.37,0.00,0.00,0.00,0.00
qaenv-cyberthreats,600,2018-10-25 16:25:01 UTC,veth2376688,5.89,6.99,0.41,0.99,0.00,0.00,0.00,0.00
qaenv-cyberthreats,600,2018-10-25 16:25:01 UTC,br-49e5983ece52,6.31,7.81,0.43,1.07,0.00,0.00,0.00,0.00
qaenv-cyberthreats,600,2018-10-25 16:25:01 UTC,vethd016d19,0.42,0.82,0.11,0.08,0.00,0.00,0.00,0.00
qaenv-cyberthreats,600,2018-10-25 16:25:01 UTC,docker0,0.00,0.00,0.00,0.00,0.00,0.00,0.00,0.00
qaenv-cyberthreats,600,2018-10-25 16:25:01 UTC,eth0,1.28,1.43,0.07,1.54,0.00,0.00,0.00,0.00
qaenv-cyberthreats,601,2018-10-25 16:35:02 UTC,vetha9bc24f,13.77,16.58,5.96,2.46,0.00,0.00,0.00,0.00
qaenv-cyberthreats,601,2018-10-25 16:35:02 UTC,lo,92.47,92.47,58.41,58.41,0.00,0.00,0.00,0.00
qaenv-cyberthreats,601,2018-10-25 16:35:02 UTC,veth2376688,12.90,17.63,2.53,3.55,0.00,0.00,0.00,0.00
qaenv-cyberthreats,601,2018-10-25 16:35:02 UTC,br-49e5983ece52,30.27,38.57,40.71,7.70,0.00,0.00,0.00,0.00
qaenv-cyberthreats,601,2018-10-25 16:35:02 UTC,vethd016d19,3.60,4.36,32.63,1.69,0.00,0.00,0.00,0.00
qaenv-cyberthreats,601,2018-10-25 16:35:02 UTC,docker0,0.00,0.00,0.00,0.00,0.00,0.00,0.00,0.00
qaenv-cyberthreats,601,2018-10-25 16:35:02 UTC,eth0,29.03,28.74,5.17,45.58,0.00,0.00,0.00,0.00
qaenv-cyberthreats,599,2018-10-25 16:45:01 UTC,vetha9bc24f,16.05,19.83,7.43,2.84,0.00,0.00,0.00,0.00
qaenv-cyberthreats,599,2018-10-25 16:45:01 UTC,lo,111.78,111.78,66.59,66.59,0.00,0.00,0.00,0.00
qaenv-cyberthreats,599,2018-10-25 16:45:01 UTC,veth2376688,13.81,19.45,3.26,2.67,0.00,0.00,0.00,0.00
qaenv-cyberthreats,599,2018-10-25 16:45:01 UTC,br-49e5983ece52,33.23,43.41,45.01,7.14,0.00,0.00,0.00,0.00
qaenv-cyberthreats,599,2018-10-25 16:45:01 UTC,vethd016d19,3.37,4.14,34.77,1.63,0.00,0.00,0.00,0.00
qaenv-cyberthreats,599,2018-10-25 16:45:01 UTC,docker0,0.00,0.00,0.00,0.00,0.00,0.00,0.00,0.00
qaenv-cyberthreats,599,2018-10-25 16:45:01 UTC,eth0,31.73,31.39,4.58,52.37,0.00,0.00,0.00,0.00
qaenv-cyberthreats,600,2018-10-25 16:55:01 UTC,vetha9bc24f,14.41,16.85,5.70,2.72,0.00,0.00,0.00,0.00
qaenv-cyberthreats,600,2018-10-25 16:55:01 UTC,lo,84.55,84.55,56.24,56.24,0.00,0.00,0.00,0.00
qaenv-cyberthreats,600,2018-10-25 16:55:01 UTC,veth2376688,11.63,16.00,2.53,2.22,0.00,0.00,0.00,0.00
qaenv-cyberthreats,600,2018-10-25 16:55:01 UTC,br-49e5983ece52,29.33,36.89,40.50,5.49,0.00,0.00,0.00,0.00
qaenv-cyberthreats,600,2018-10-25 16:55:01 UTC,vethd016d19,3.29,4.04,32.67,0.55,0.00,0.00,0.00,0.00
qaenv-cyberthreats,600,2018-10-25 16:55:01 UTC,docker0,0.00,0.00,0.00,0.00,0.00,0.00,0.00,0.00
qaenv-cyberthreats,600,2018-10-25 16:55:01 UTC,eth0,23.60,22.82,3.34,38.37,0.00,0.00,0.00,0.00
qaenv-cyberthreats,600,2018-10-25 17:05:01 UTC,vetha9bc24f,8.38,9.91,3.56,1.50,0.00,0.00,0.00,0.00
qaenv-cyberthreats,600,2018-10-25 17:05:01 UTC,lo,49.83,49.83,22.77,22.77,0.00,0.00,0.00,0.00
qaenv-cyberthreats,600,2018-10-25 17:05:01 UTC,veth2376688,9.85,12.87,1.21,2.92,0.00,0.00,0.00,0.00
qaenv-cyberthreats,600,2018-10-25 17:05:01 UTC,br-49e5983ece52,19.85,25.00,12.69,6.87,0.00,0.00,0.00,0.00
qaenv-cyberthreats,600,2018-10-25 17:05:01 UTC,vethd016d19,1.62,2.21,8.19,2.45,0.00,0.00,0.00,0.00
qaenv-cyberthreats,600,2018-10-25 17:05:01 UTC,docker0,0.00,0.00,0.00,0.00,0.00,0.00,0.00,0.00
qaenv-cyberthreats,600,2018-10-25 17:05:01 UTC,eth0,15.05,14.62,3.01,24.01,0.00,0.00,0.00,0.00
qaenv-cyberthreats,600,2018-10-25 17:15:01 UTC,vetha9bc24f,17.46,20.75,7.58,3.18,0.00,0.00,0.00,0.00
qaenv-cyberthreats,600,2018-10-25 17:15:01 UTC,lo,103.04,103.04,73.84,73.84,0.00,0.00,0.00,0.00
qaenv-cyberthreats,600,2018-10-25 17:15:01 UTC,veth2376688,13.82,19.28,3.33,2.66,0.00,0.00,0.00,0.00
qaenv-cyberthreats,600,2018-10-25 17:15:01 UTC,br-49e5983ece52,35.39,45.05,53.63,6.54,0.00,0.00,0.00,0.00
qaenv-cyberthreats,600,2018-10-25 17:15:01 UTC,vethd016d19,4.10,5.02,43.19,0.70,0.00,0.00,0.00,0.00
qaenv-cyberthreats,600,2018-10-25 17:15:01 UTC,docker0,0.00,0.00,0.00,0.00,0.00,0.00,0.00,0.00
qaenv-cyberthreats,600,2018-10-25 17:15:01 UTC,eth0,30.06,29.40,4.41,50.63,0.00,0.00,0.00,0.00
qaenv-cyberthreats,600,2018-10-25 17:25:01 UTC,vetha9bc24f,0.01,0.01,0.00,0.00,0.00,0.00,0.00,0.00
qaenv-cyberthreats,600,2018-10-25 17:25:01 UTC,lo,13.61,13.61,1.35,1.35,0.00,0.00,0.00,0.00
qaenv-cyberthreats,600,2018-10-25 17:25:01 UTC,veth2376688,5.80,6.93,0.40,0.98,0.00,0.00,0.00,0.00
qaenv-cyberthreats,600,2018-10-25 17:25:01 UTC,br-49e5983ece52,6.21,7.73,0.42,1.06,0.00,0.00,0.00,0.00
qaenv-cyberthreats,600,2018-10-25 17:25:01 UTC,vethd016d19,0.40,0.79,0.10,0.07,0.00,0.00,0.00,0.00
qaenv-cyberthreats,600,2018-10-25 17:25:01 UTC,docker0,0.00,0.00,0.00,0.00,0.00,0.00,0.00,0.00
qaenv-cyberthreats,600,2018-10-25 17:25:01 UTC,eth0,0.04,0.05,0.00,0.00,0.00,0.00,0.00,0.00
qaenv-cyberthreats,601,2018-10-25 17:35:01 UTC,vetha9bc24f,0.00,0.00,0.00,0.00,0.00,0.00,0.00,0.00
qaenv-cyberthreats,601,2018-10-25 17:35:01 UTC,lo,13.59,13.59,2.47,2.47,0.00,0.00,0.00,0.00
qaenv-cyberthreats,601,2018-10-25 17:35:01 UTC,veth2376688,6.01,7.24,0.41,2.15,0.00,0.00,0.00,0.00
qaenv-cyberthreats,601,2018-10-25 17:35:01 UTC,br-49e5983ece52,6.32,7.86,0.41,2.20,0.00,0.00,0.00,0.00
qaenv-cyberthreats,601,2018-10-25 17:35:01 UTC,vethd016d19,0.32,0.62,0.08,0.06,0.00,0.00,0.00,0.00
qaenv-cyberthreats,601,2018-10-25 17:35:01 UTC,docker0,0.00,0.00,0.00,0.00,0.00,0.00,0.00,0.00
qaenv-cyberthreats,601,2018-10-25 17:35:01 UTC,eth0,2.05,1.87,1.39,0.22,0.00,0.00,0.00,0.00
qaenv-cyberthreats,600,2018-10-25 17:45:01 UTC,vetha9bc24f,0.00,0.00,0.00,0.00,0.00,0.00,0.00,0.00
qaenv-cyberthreats,600,2018-10-25 17:45:01 UTC,lo,12.89,12.89,1.27,1.27,0.00,0.00,0.00,0.00
qaenv-cyberthreats,600,2018-10-25 17:45:01 UTC,veth2376688,5.49,6.78,0.38,0.95,0.00,0.00,0.00,0.00
qaenv-cyberthreats,600,2018-10-25 17:45:01 UTC,br-49e5983ece52,5.80,7.39,0.38,1.01,0.00,0.00,0.00,0.00
qaenv-cyberthreats,600,2018-10-25 17:45:01 UTC,vethd016d19,0.32,0.62,0.08,0.06,0.00,0.00,0.00,0.00
qaenv-cyberthreats,600,2018-10-25 17:45:01 UTC,docker0,0.00,0.00,0.00,0.00,0.00,0.00,0.00,0.00
qaenv-cyberthreats,600,2018-10-25 17:45:01 UTC,eth0,0.05,0.04,0.01,0.02,0.00,0.00,0.00,0.00
qaenv-cyberthreats,600,2018-10-25 17:55:01 UTC,vetha9bc24f,0.00,0.00,0.00,0.00,0.00,0.00,0.00,0.00
qaenv-cyberthreats,600,2018-10-25 17:55:01 UTC,lo,12.81,12.81,1.26,1.26,0.00,0.00,0.00,0.00
qaenv-cyberthreats,600,2018-10-25 17:55:01 UTC,veth2376688,5.46,6.72,0.38,0.94,0.00,0.00,0.00,0.00
qaenv-cyberthreats,600,2018-10-25 17:55:01 UTC,br-49e5983ece52,5.78,7.34,0.38,1.00,0.00,0.00,0.00,0.00
qaenv-cyberthreats,600,2018-10-25 17:55:01 UTC,vethd016d19,0.32,0.62,0.08,0.06,0.00,0.00,0.00,0.00
qaenv-cyberthreats,600,2018-10-25 17:55:01 UTC,docker0,0.00,0.00,0.00,0.00,0.00,0.00,0.00,0.00
qaenv-cyberthreats,600,2018-10-25 17:55:01 UTC,eth0,0.02,0.02,0.00,0.00,0.00,0.00,0.00,0.00
qaenv-cyberthreats,600,2018-10-25 18:05:01 UTC,vetha9bc24f,0.00,0.00,0.00,0.00,0.00,0.00,0.00,0.00
qaenv-cyberthreats,600,2018-10-25 18:05:01 UTC,lo,13.64,13.64,2.48,2.48,0.00,0.00,0.00,0.00
qaenv-cyberthreats,600,2018-10-25 18:05:01 UTC,veth2376688,6.02,7.24,0.42,2.15,0.00,0.00,0.00,0.00
qaenv-cyberthreats,600,2018-10-25 18:05:01 UTC,br-49e5983ece52,6.35,7.88,0.41,2.21,0.00,0.00,0.00,0.00
qaenv-cyberthreats,600,2018-10-25 18:05:01 UTC,vethd016d19,0.33,0.64,0.08,0.06,0.00,0.00,0.00,0.00
qaenv-cyberthreats,600,2018-10-25 18:05:01 UTC,docker0,0.00,0.00,0.00,0.00,0.00,0.00,0.00,0.00
qaenv-cyberthreats,600,2018-10-25 18:05:01 UTC,eth0,2.02,1.90,1.39,0.23,0.00,0.00,0.00,0.00
qaenv-cyberthreats,600,2018-10-25 18:15:01 UTC,vetha9bc24f,0.00,0.00,0.00,0.00,0.00,0.00,0.00,0.00
qaenv-cyberthreats,600,2018-10-25 18:15:01 UTC,lo,12.88,12.88,1.27,1.27,0.00,0.00,0.00,0.00
qaenv-cyberthreats,600,2018-10-25 18:15:01 UTC,veth2376688,5.49,6.77,0.38,0.95,0.00,0.00,0.00,0.00
qaenv-cyberthreats,600,2018-10-25 18:15:01 UTC,br-49e5983ece52,5.81,7.39,0.38,1.00,0.00,0.00,0.00,0.00
qaenv-cyberthreats,600,2018-10-25 18:15:01 UTC,vethd016d19,0.32,0.62,0.08,0.06,0.00,0.00,0.00,0.00
qaenv-cyberthreats,600,2018-10-25 18:15:01 UTC,docker0,0.00,0.00,0.00,0.00,0.00,0.00,0.00,0.00
qaenv-cyberthreats,600,2018-10-25 18:15:01 UTC,eth0,0.02,0.02,0.00,0.00,0.00,0.00,0.00,0.00
qaenv-cyberthreats,600,2018-10-25 18:25:01 UTC,vetha9bc24f,0.00,0.00,0.00,0.00,0.00,0.00,0.00,0.00
qaenv-cyberthreats,600,2018-10-25 18:25:01 UTC,lo,12.84,12.84,1.27,1.27,0.00,0.00,0.00,0.00
qaenv-cyberthreats,600,2018-10-25 18:25:01 UTC,veth2376688,5.47,6.74,0.38,0.94,0.00,0.00,0.00,0.00
qaenv-cyberthreats,600,2018-10-25 18:25:01 UTC,br-49e5983ece52,5.78,7.36,0.38,1.00,0.00,0.00,0.00,0.00
qaenv-cyberthreats,600,2018-10-25 18:25:01 UTC,vethd016d19,0.32,0.62,0.08,0.06,0.00,0.00,0.00,0.00
qaenv-cyberthreats,600,2018-10-25 18:25:01 UTC,docker0,0.00,0.00,0.00,0.00,0.00,0.00,0.00,0.00
qaenv-cyberthreats,600,2018-10-25 18:25:01 UTC,eth0,0.02,0.02,0.00,0.00,0.00,0.00,0.00,0.00
qaenv-cyberthreats,600,2018-10-25 18:35:01 UTC,vetha9bc24f,0.00,0.00,0.00,0.00,0.00,0.00,0.00,0.00
qaenv-cyberthreats,600,2018-10-25 18:35:01 UTC,lo,13.57,13.57,2.48,2.48,0.00,0.00,0.00,0.00
qaenv-cyberthreats,600,2018-10-25 18:35:01 UTC,veth2376688,6.03,7.20,0.42,2.15,0.00,0.00,0.00,0.00
qaenv-cyberthreats,600,2018-10-25 18:35:01 UTC,br-49e5983ece52,6.34,7.82,0.41,2.20,0.00,0.00,0.00,0.00
qaenv-cyberthreats,600,2018-10-25 18:35:01 UTC,vethd016d19,0.32,0.62,0.08,0.06,0.00,0.00,0.00,0.00
qaenv-cyberthreats,600,2018-10-25 18:35:01 UTC,docker0,0.00,0.00,0.00,0.00,0.00,0.00,0.00,0.00
qaenv-cyberthreats,600,2018-10-25 18:35:01 UTC,eth0,1.98,1.88,1.39,0.23,0.00,0.00,0.00,0.00
qaenv-cyberthreats,600,2018-10-25 18:45:01 UTC,vetha9bc24f,0.00,0.00,0.00,0.00,0.00,0.00,0.00,0.00
qaenv-cyberthreats,600,2018-10-25 18:45:01 UTC,lo,12.90,12.90,1.27,1.27,0.00,0.00,0.00,0.00
qaenv-cyberthreats,600,2018-10-25 18:45:01 UTC,veth2376688,5.49,6.79,0.38,0.95,0.00,0.00,0.00,0.00
qaenv-cyberthreats,600,2018-10-25 18:45:01 UTC,br-49e5983ece52,5.81,7.40,0.38,1.01,0.00,0.00,0.00,0.00
qaenv-cyberthreats,600,2018-10-25 18:45:01 UTC,vethd016d19,0.32,0.62,0.08,0.06,0.00,0.00,0.00,0.00
qaenv-cyberthreats,600,2018-10-25 18:45:01 UTC,docker0,0.00,0.00,0.00,0.00,0.00,0.00,0.00,0.00
qaenv-cyberthreats,600,2018-10-25 18:45:01 UTC,eth0,0.05,0.05,0.01,0.02,0.00,0.00,0.00,0.00
qaenv-cyberthreats,600,2018-10-25 18:55:01 UTC,vetha9bc24f,0.00,0.00,0.00,0.00,0.00,0.00,0.00,0.00
qaenv-cyberthreats,600,2018-10-25 18:55:01 UTC,lo,12.91,12.91,1.27,1.27,0.00,0.00,0.00,0.00
qaenv-cyberthreats,600,2018-10-25 18:55:01 UTC,veth2376688,5.50,6.79,0.38,0.95,0.00,0.00,0.00,0.00
qaenv-cyberthreats,600,2018-10-25 18:55:01 UTC,br-49e5983ece52,5.82,7.40,0.38,1.01,0.00,0.00,0.00,0.00
qaenv-cyberthreats,600,2018-10-25 18:55:01 UTC,vethd016d19,0.32,0.62,0.08,0.06,0.00,0.00,0.00,0.00
qaenv-cyberthreats,600,2018-10-25 18:55:01 UTC,docker0,0.00,0.00,0.00,0.00,0.00,0.00,0.00,0.00
qaenv-cyberthreats,600,2018-10-25 18:55:01 UTC,eth0,0.02,0.02,0.00,0.00,0.00,0.00,0.00,0.00
qaenv-cyberthreats,599,2018-10-25 19:05:01 UTC,vetha9bc24f,0.00,0.00,0.00,0.00,0.00,0.00,0.00,0.00
qaenv-cyberthreats,599,2018-10-25 19:05:01 UTC,lo,13.70,13.70,2.49,2.49,0.00,0.00,0.00,0.00
qaenv-cyberthreats,599,2018-10-25 19:05:01 UTC,veth2376688,6.03,7.28,0.42,2.15,0.00,0.00,0.00,0.00
qaenv-cyberthreats,599,2018-10-25 19:05:01 UTC,br-49e5983ece52,6.37,7.93,0.41,2.21,0.00,0.00,0.00,0.00
qaenv-cyberthreats,599,2018-10-25 19:05:01 UTC,vethd016d19,0.33,0.64,0.08,0.06,0.00,0.00,0.00,0.00
qaenv-cyberthreats,599,2018-10-25 19:05:01 UTC,docker0,0.00,0.00,0.00,0.00,0.00,0.00,0.00,0.00
qaenv-cyberthreats,599,2018-10-25 19:05:01 UTC,eth0,2.04,1.88,1.39,0.23,0.00,0.00,0.00,0.00
qaenv-cyberthreats,600,2018-10-25 19:15:01 UTC,vetha9bc24f,0.02,0.02,0.00,0.00,0.00,0.00,0.00,0.00
qaenv-cyberthreats,600,2018-10-25 19:15:01 UTC,lo,12.90,12.90,1.27,1.27,0.00,0.00,0.00,0.00
qaenv-cyberthreats,600,2018-10-25 19:15:01 UTC,veth2376688,5.49,6.78,0.38,0.95,0.00,0.00,0.00,0.00
qaenv-cyberthreats,600,2018-10-25 19:15:01 UTC,br-49e5983ece52,5.82,7.41,0.38,1.00,0.00,0.00,0.00,0.00
qaenv-cyberthreats,600,2018-10-25 19:15:01 UTC,vethd016d19,0.32,0.62,0.08,0.06,0.00,0.00,0.00,0.00
qaenv-cyberthreats,600,2018-10-25 19:15:01 UTC,docker0,0.00,0.00,0.00,0.00,0.00,0.00,0.00,0.00
qaenv-cyberthreats,600,2018-10-25 19:15:01 UTC,eth0,0.02,0.02,0.00,0.00,0.00,0.00,0.00,0.00
qaenv-cyberthreats,600,2018-10-25 19:25:01 UTC,vetha9bc24f,0.00,0.00,0.00,0.00,0.00,0.00,0.00,0.00
qaenv-cyberthreats,600,2018-10-25 19:25:01 UTC,lo,12.87,12.87,1.27,1.27,0.00,0.00,0.00,0.00
qaenv-cyberthreats,600,2018-10-25 19:25:01 UTC,veth2376688,5.49,6.76,0.38,0.95,0.00,0.00,0.00,0.00
qaenv-cyberthreats,600,2018-10-25 19:25:01 UTC,br-49e5983ece52,5.80,7.37,0.38,1.00,0.00,0.00,0.00,0.00
qaenv-cyberthreats,600,2018-10-25 19:25:01 UTC,vethd016d19,0.32,0.62,0.08,0.06,0.00,0.00,0.00,0.00
qaenv-cyberthreats,600,2018-10-25 19:25:01 UTC,docker0,0.00,0.00,0.00,0.00,0.00,0.00,0.00,0.00
qaenv-cyberthreats,600,2018-10-25 19:25:01 UTC,eth0,0.02,0.02,0.00,0.00,0.00,0.00,0.00,0.00
qaenv-cyberthreats,600,2018-10-25 19:35:01 UTC,vetha9bc24f,0.00,0.00,0.00,0.00,0.00,0.00,0.00,0.00
qaenv-cyberthreats,600,2018-10-25 19:35:01 UTC,lo,13.59,13.59,2.47,2.47,0.00,0.00,0.00,0.00
qaenv-cyberthreats,600,2018-10-25 19:35:01 UTC,veth2376688,6.02,7.23,0.42,2.15,0.00,0.00,0.00,0.00
qaenv-cyberthreats,600,2018-10-25 19:35:01 UTC,br-49e5983ece52,6.33,7.85,0.41,2.20,0.00,0.00,0.00,0.00
qaenv-cyberthreats,600,2018-10-25 19:35:01 UTC,vethd016d19,0.32,0.62,0.08,0.06,0.00,0.00,0.00,0.00
qaenv-cyberthreats,600,2018-10-25 19:35:01 UTC,docker0,0.00,0.00,0.00,0.00,0.00,0.00,0.00,0.00
qaenv-cyberthreats,600,2018-10-25 19:35:01 UTC,eth0,2.02,1.88,1.39,0.23,0.00,0.00,0.00,0.00
qaenv-cyberthreats,600,2018-10-25 19:45:01 UTC,vetha9bc24f,0.00,0.00,0.00,0.00,0.00,0.00,0.00,0.00
qaenv-cyberthreats,600,2018-10-25 19:45:01 UTC,lo,12.93,12.93,1.27,1.27,0.00,0.00,0.00,0.00
qaenv-cyberthreats,600,2018-10-25 19:45:01 UTC,veth2376688,5.51,6.80,0.38,0.95,0.00,0.00,0.00,0.00
qaenv-cyberthreats,600,2018-10-25 19:45:01 UTC,br-49e5983ece52,5.83,7.42,0.38,1.01,0.00,0.00,0.00,0.00
qaenv-cyberthreats,600,2018-10-25 19:45:01 UTC,vethd016d19,0.32,0.62,0.08,0.06,0.00,0.00,0.00,0.00
qaenv-cyberthreats,600,2018-10-25 19:45:01 UTC,docker0,0.00,0.00,0.00,0.00,0.00,0.00,0.00,0.00
qaenv-cyberthreats,600,2018-10-25 19:45:01 UTC,eth0,0.05,0.05,0.01,0.02,0.00,0.00,0.00,0.00
qaenv-cyberthreats,600,2018-10-25 19:55:01 UTC,vetha9bc24f,0.00,0.00,0.00,0.00,0.00,0.00,0.00,0.00
qaenv-cyberthreats,600,2018-10-25 19:55:01 UTC,lo,12.88,12.88,1.27,1.27,0.00,0.00,0.00,0.00
qaenv-cyberthreats,600,2018-10-25 19:55:01 UTC,veth2376688,5.49,6.78,0.38,0.95,0.00,0.00,0.00,0.00
qaenv-cyberthreats,600,2018-10-25 19:55:01 UTC,br-49e5983ece52,5.80,7.39,0.38,1.00,0.00,0.00,0.00,0.00
qaenv-cyberthreats,600,2018-10-25 19:55:01 UTC,vethd016d19,0.32,0.62,0.08,0.06,0.00,0.00,0.00,0.00
qaenv-cyberthreats,600,2018-10-25 19:55:01 UTC,docker0,0.00,0.00,0.00,0.00,0.00,0.00,0.00,0.00
qaenv-cyberthreats,600,2018-10-25 19:55:01 UTC,eth0,0.02,0.02,0.00,0.00,0.00,0.00,0.00,0.00
qaenv-cyberthreats,600,2018-10-25 20:05:01 UTC,vetha9bc24f,0.00,0.00,0.00,0.00,0.00,0.00,0.00,0.00
qaenv-cyberthreats,600,2018-10-25 20:05:01 UTC,lo,13.59,13.59,2.48,2.48,0.00,0.00,0.00,0.00
qaenv-cyberthreats,600,2018-10-25 20:05:01 UTC,veth2376688,6.00,7.21,0.41,2.14,0.00,0.00,0.00,0.00
qaenv-cyberthreats,600,2018-10-25 20:05:01 UTC,br-49e5983ece52,6.33,7.86,0.41,2.20,0.00,0.00,0.00,0.00
qaenv-cyberthreats,600,2018-10-25 20:05:01 UTC,vethd016d19,0.33,0.64,0.08,0.06,0.00,0.00,0.00,0.00
qaenv-cyberthreats,600,2018-10-25 20:05:01 UTC,docker0,0.00,0.00,0.00,0.00,0.00,0.00,0.00,0.00
qaenv-cyberthreats,600,2018-10-25 20:05:01 UTC,eth0,2.01,1.89,1.39,0.23,0.00,0.00,0.00,0.00
qaenv-cyberthreats,600,2018-10-25 20:15:01 UTC,vetha9bc24f,0.00,0.00,0.00,0.00,0.00,0.00,0.00,0.00
qaenv-cyberthreats,600,2018-10-25 20:15:01 UTC,lo,12.86,12.86,1.27,1.27,0.00,0.00,0.00,0.00
qaenv-cyberthreats,600,2018-10-25 20:15:01 UTC,veth2376688,5.48,6.76,0.38,0.95,0.00,0.00,0.00,0.00
qaenv-cyberthreats,600,2018-10-25 20:15:01 UTC,br-49e5983ece52,5.80,7.38,0.38,1.00,0.00,0.00,0.00,0.00
qaenv-cyberthreats,600,2018-10-25 20:15:01 UTC,vethd016d19,0.32,0.62,0.08,0.06,0.00,0.00,0.00,0.00
qaenv-cyberthreats,600,2018-10-25 20:15:01 UTC,docker0,0.00,0.00,0.00,0.00,0.00,0.00,0.00,0.00
qaenv-cyberthreats,600,2018-10-25 20:15:01 UTC,eth0,0.02,0.02,0.00,0.00,0.00,0.00,0.00,0.00
qaenv-cyberthreats,600,2018-10-25 20:25:01 UTC,vetha9bc24f,0.00,0.00,0.00,0.00,0.00,0.00,0.00,0.00
qaenv-cyberthreats,600,2018-10-25 20:25:01 UTC,lo,12.86,12.86,1.27,1.27,0.00,0.00,0.00,0.00
qaenv-cyberthreats,600,2018-10-25 20:25:01 UTC,veth2376688,5.48,6.76,0.38,0.95,0.00,0.00,0.00,0.00
qaenv-cyberthreats,600,2018-10-25 20:25:01 UTC,br-49e5983ece52,5.80,7.38,0.38,1.00,0.00,0.00,0.00,0.00
qaenv-cyberthreats,600,2018-10-25 20:25:01 UTC,vethd016d19,0.32,0.62,0.08,0.06,0.00,0.00,0.00,0.00
qaenv-cyberthreats,600,2018-10-25 20:25:01 UTC,docker0,0.00,0.00,0.00,0.00,0.00,0.00,0.00,0.00
qaenv-cyberthreats,600,2018-10-25 20:25:01 UTC,eth0,0.02,0.02,0.00,0.00,0.00,0.00,0.00,0.00
qaenv-cyberthreats,600,2018-10-25 20:35:01 UTC,vetha9bc24f,0.00,0.00,0.00,0.00,0.00,0.00,0.00,0.00
qaenv-cyberthreats,600,2018-10-25 20:35:01 UTC,lo,13.55,13.55,2.47,2.47,0.00,0.00,0.00,0.00
qaenv-cyberthreats,600,2018-10-25 20:35:01 UTC,veth2376688,6.02,7.19,0.42,2.14,0.00,0.00,0.00,0.00
qaenv-cyberthreats,600,2018-10-25 20:35:01 UTC,br-49e5983ece52,6.34,7.81,0.41,2.20,0.00,0.00,0.00,0.00
qaenv-cyberthreats,600,2018-10-25 20:35:01 UTC,vethd016d19,0.32,0.62,0.08,0.06,0.00,0.00,0.00,0.00
qaenv-cyberthreats,600,2018-10-25 20:35:01 UTC,docker0,0.00,0.00,0.00,0.00,0.00,0.00,0.00,0.00
qaenv-cyberthreats,600,2018-10-25 20:35:01 UTC,eth0,1.98,1.89,1.39,0.23,0.00,0.00,0.00,0.00
qaenv-cyberthreats,600,2018-10-25 20:45:01 UTC,vetha9bc24f,0.00,0.00,0.00,0.00,0.00,0.00,0.00,0.00
qaenv-cyberthreats,600,2018-10-25 20:45:01 UTC,lo,12.86,12.86,1.27,1.27,0.00,0.00,0.00,0.00
qaenv-cyberthreats,600,2018-10-25 20:45:01 UTC,veth2376688,5.48,6.76,0.38,0.95,0.00,0.00,0.00,0.00
qaenv-cyberthreats,600,2018-10-25 20:45:01 UTC,br-49e5983ece52,5.79,7.38,0.38,1.00,0.00,0.00,0.00,0.00
qaenv-cyberthreats,600,2018-10-25 20:45:01 UTC,vethd016d19,0.32,0.62,0.08,0.06,0.00,0.00,0.00,0.00
qaenv-cyberthreats,600,2018-10-25 20:45:01 UTC,docker0,0.00,0.00,0.00,0.00,0.00,0.00,0.00,0.00
qaenv-cyberthreats,600,2018-10-25 20:45:01 UTC,eth0,0.05,0.04,0.01,0.02,0.00,0.00,0.00,0.00
qaenv-cyberthreats,600,2018-10-25 20:55:01 UTC,vetha9bc24f,0.00,0.00,0.00,0.00,0.00,0.00,0.00,0.00
qaenv-cyberthreats,600,2018-10-25 20:55:01 UTC,lo,12.90,12.90,1.27,1.27,0.00,0.00,0.00,0.00
qaenv-cyberthreats,600,2018-10-25 20:55:01 UTC,veth2376688,5.50,6.78,0.38,0.95,0.00,0.00,0.00,0.00
qaenv-cyberthreats,600,2018-10-25 20:55:01 UTC,br-49e5983ece52,5.82,7.40,0.38,1.00,0.00,0.00,0.00,0.00
qaenv-cyberthreats,600,2018-10-25 20:55:01 UTC,vethd016d19,0.32,0.62,0.08,0.06,0.00,0.00,0.00,0.00
qaenv-cyberthreats,600,2018-10-25 20:55:01 UTC,docker0,0.00,0.00,0.00,0.00,0.00,0.00,0.00,0.00
qaenv-cyberthreats,600,2018-10-25 20:55:01 UTC,eth0,0.02,0.02,0.00,0.00,0.00,0.00,0.00,0.00
qaenv-cyberthreats,600,2018-10-25 21:05:01 UTC,vetha9bc24f,0.00,0.00,0.00,0.00,0.00,0.00,0.00,0.00
qaenv-cyberthreats,600,2018-10-25 21:05:01 UTC,lo,13.65,13.65,2.48,2.48,0.00,0.00,0.00,0.00
qaenv-cyberthreats,600,2018-10-25 21:05:01 UTC,veth2376688,6.02,7.25,0.42,2.15,0.00,0.00,0.00,0.00
qaenv-cyberthreats,600,2018-10-25 21:05:01 UTC,br-49e5983ece52,6.35,7.89,0.41,2.21,0.00,0.00,0.00,0.00
qaenv-cyberthreats,600,2018-10-25 21:05:01 UTC,vethd016d19,0.33,0.64,0.08,0.06,0.00,0.00,0.00,0.00
qaenv-cyberthreats,600,2018-10-25 21:05:01 UTC,docker0,0.00,0.00,0.00,0.00,0.00,0.00,0.00,0.00
qaenv-cyberthreats,600,2018-10-25 21:05:01 UTC,eth0,2.03,1.90,1.39,0.23,0.00,0.00,0.00,0.00
qaenv-cyberthreats,600,2018-10-25 21:15:01 UTC,vetha9bc24f,0.02,0.02,0.00,0.00,0.00,0.00,0.00,0.00
qaenv-cyberthreats,600,2018-10-25 21:15:01 UTC,lo,12.92,12.92,1.27,1.27,0.00,0.00,0.00,0.00
qaenv-cyberthreats,600,2018-10-25 21:15:01 UTC,veth2376688,5.49,6.78,0.38,0.95,0.00,0.00,0.00,0.00
qaenv-cyberthreats,600,2018-10-25 21:15:01 UTC,br-49e5983ece52,5.83,7.42,0.38,1.01,0.00,0.00,0.00,0.00
qaenv-cyberthreats,600,2018-10-25 21:15:01 UTC,vethd016d19,0.32,0.62,0.08,0.06,0.00,0.00,0.00,0.00
qaenv-cyberthreats,600,2018-10-25 21:15:01 UTC,docker0,0.00,0.00,0.00,0.00,0.00,0.00,0.00,0.00
qaenv-cyberthreats,600,2018-10-25 21:15:01 UTC,eth0,0.02,0.02,0.00,0.00,0.00,0.00,0.00,0.00
qaenv-cyberthreats,600,2018-10-25 21:25:01 UTC,vetha9bc24f,0.00,0.00,0.00,0.00,0.00,0.00,0.00,0.00
qaenv-cyberthreats,600,2018-10-25 21:25:01 UTC,lo,12.90,12.90,1.27,1.27,0.00,0.00,0.00,0.00
qaenv-cyberthreats,600,2018-10-25 21:25:01 UTC,veth2376688,5.50,6.78,0.38,0.95,0.00,0.00,0.00,0.00
qaenv-cyberthreats,600,2018-10-25 21:25:01 UTC,br-49e5983ece52,5.82,7.39,0.38,1.00,0.00,0.00,0.00,0.00
qaenv-cyberthreats,600,2018-10-25 21:25:01 UTC,vethd016d19,0.32,0.62,0.08,0.06,0.00,0.00,0.00,0.00
qaenv-cyberthreats,600,2018-10-25 21:25:01 UTC,docker0,0.00,0.00,0.00,0.00,0.00,0.00,0.00,0.00
qaenv-cyberthreats,600,2018-10-25 21:25:01 UTC,eth0,0.02,0.02,0.00,0.00,0.00,0.00,0.00,0.00
qaenv-cyberthreats,600,2018-10-25 21:35:01 UTC,vetha9bc24f,0.00,0.00,0.00,0.00,0.00,0.00,0.00,0.00
qaenv-cyberthreats,600,2018-10-25 21:35:01 UTC,lo,13.71,13.71,2.50,2.50,0.00,0.00,0.00,0.00
qaenv-cyberthreats,600,2018-10-25 21:35:01 UTC,veth2376688,6.02,7.26,0.42,2.15,0.00,0.00,0.00,0.00
qaenv-cyberthreats,600,2018-10-25 21:35:01 UTC,br-49e5983ece52,6.36,7.90,0.42,2.21,0.00,0.00,0.00,0.00
qaenv-cyberthreats,600,2018-10-25 21:35:01 UTC,vethd016d19,0.33,0.64,0.08,0.06,0.00,0.00,0.00,0.00
qaenv-cyberthreats,600,2018-10-25 21:35:01 UTC,docker0,0.00,0.00,0.00,0.00,0.00,0.00,0.00,0.00
qaenv-cyberthreats,600,2018-10-25 21:35:01 UTC,eth0,2.06,1.92,1.40,0.24,0.00,0.00,0.00,0.00
qaenv-cyberthreats,600,2018-10-25 21:45:01 UTC,vetha9bc24f,0.00,0.00,0.00,0.00,0.00,0.00,0.00,0.00
qaenv-cyberthreats,600,2018-10-25 21:45:01 UTC,lo,12.91,12.91,1.27,1.27,0.00,0.00,0.00,0.00
qaenv-cyberthreats,600,2018-10-25 21:45:01 UTC,veth2376688,5.50,6.79,0.38,0.95,0.00,0.00,0.00,0.00
qaenv-cyberthreats,600,2018-10-25 21:45:01 UTC,br-49e5983ece52,5.81,7.41,0.38,1.01,0.00,0.00,0.00,0.00
qaenv-cyberthreats,600,2018-10-25 21:45:01 UTC,vethd016d19,0.32,0.62,0.08,0.06,0.00,0.00,0.00,0.00
qaenv-cyberthreats,600,2018-10-25 21:45:01 UTC,docker0,0.00,0.00,0.00,0.00,0.00,0.00,0.00,0.00
qaenv-cyberthreats,600,2018-10-25 21:45:01 UTC,eth0,0.05,0.04,0.01,0.02,0.00,0.00,0.00,0.00
qaenv-cyberthreats,600,2018-10-25 21:55:01 UTC,vetha9bc24f,0.00,0.00,0.00,0.00,0.00,0.00,0.00,0.00
qaenv-cyberthreats,600,2018-10-25 21:55:01 UTC,lo,12.89,12.89,1.27,1.27,0.00,0.00,0.00,0.00
qaenv-cyberthreats,600,2018-10-25 21:55:01 UTC,veth2376688,5.50,6.77,0.38,0.95,0.00,0.00,0.00,0.00
qaenv-cyberthreats,600,2018-10-25 21:55:01 UTC,br-49e5983ece52,5.81,7.38,0.38,1.00,0.00,0.00,0.00,0.00
qaenv-cyberthreats,600,2018-10-25 21:55:01 UTC,vethd016d19,0.32,0.62,0.08,0.06,0.00,0.00,0.00,0.00
qaenv-cyberthreats,600,2018-10-25 21:55:01 UTC,docker0,0.00,0.00,0.00,0.00,0.00,0.00,0.00,0.00
qaenv-cyberthreats,600,2018-10-25 21:55:01 UTC,eth0,0.02,0.02,0.00,0.00,0.00,0.00,0.00,0.00
qaenv-cyberthreats,600,2018-10-25 22:05:01 UTC,vetha9bc24f,0.00,0.00,0.00,0.00,0.00,0.00,0.00,0.00
qaenv-cyberthreats,600,2018-10-25 22:05:01 UTC,lo,13.68,13.68,2.48,2.48,0.00,0.00,0.00,0.00
qaenv-cyberthreats,600,2018-10-25 22:05:01 UTC,veth2376688,6.02,7.28,0.42,2.15,0.00,0.00,0.00,0.00
qaenv-cyberthreats,600,2018-10-25 22:05:01 UTC,br-49e5983ece52,6.36,7.92,0.41,2.21,0.00,0.00,0.00,0.00
qaenv-cyberthreats,600,2018-10-25 22:05:01 UTC,vethd016d19,0.33,0.64,0.08,0.06,0.00,0.00,0.00,0.00
qaenv-cyberthreats,600,2018-10-25 22:05:01 UTC,docker0,0.00,0.00,0.00,0.00,0.00,0.00,0.00,0.00
qaenv-cyberthreats,600,2018-10-25 22:05:01 UTC,eth0,2.01,1.87,1.39,0.22,0.00,0.00,0.00,0.00
qaenv-cyberthreats,600,2018-10-25 22:15:01 UTC,vetha9bc24f,0.00,0.00,0.00,0.00,0.00,0.00,0.00,0.00
qaenv-cyberthreats,600,2018-10-25 22:15:01 UTC,lo,12.83,12.83,1.26,1.26,0.00,0.00,0.00,0.00
qaenv-cyberthreats,600,2018-10-25 22:15:01 UTC,veth2376688,5.46,6.74,0.38,0.94,0.00,0.00,0.00,0.00
qaenv-cyberthreats,600,2018-10-25 22:15:01 UTC,br-49e5983ece52,5.78,7.36,0.38,1.00,0.00,0.00,0.00,0.00
qaenv-cyberthreats,600,2018-10-25 22:15:01 UTC,vethd016d19,0.32,0.62,0.08,0.06,0.00,0.00,0.00,0.00
qaenv-cyberthreats,600,2018-10-25 22:15:01 UTC,docker0,0.00,0.00,0.00,0.00,0.00,0.00,0.00,0.00
qaenv-cyberthreats,600,2018-10-25 22:15:01 UTC,eth0,0.02,0.02,0.00,0.00,0.00,0.00,0.00,0.00
qaenv-cyberthreats,600,2018-10-25 22:25:01 UTC,vetha9bc24f,0.00,0.00,0.00,0.00,0.00,0.00,0.00,0.00
qaenv-cyberthreats,600,2018-10-25 22:25:01 UTC,lo,12.87,12.87,1.27,1.27,0.00,0.00,0.00,0.00
qaenv-cyberthreats,600,2018-10-25 22:25:01 UTC,veth2376688,5.49,6.77,0.38,0.95,0.00,0.00,0.00,0.00
qaenv-cyberthreats,600,2018-10-25 22:25:01 UTC,br-49e5983ece52,5.80,7.38,0.38,1.00,0.00,0.00,0.00,0.00
qaenv-cyberthreats,600,2018-10-25 22:25:01 UTC,vethd016d19,0.32,0.62,0.08,0.06,0.00,0.00,0.00,0.00
qaenv-cyberthreats,600,2018-10-25 22:25:01 UTC,docker0,0.00,0.00,0.00,0.00,0.00,0.00,0.00,0.00
qaenv-cyberthreats,600,2018-10-25 22:25:01 UTC,eth0,1.52,1.06,0.12,0.17,0.00,0.00,0.00,0.00
qaenv-cyberthreats,601,2018-10-25 22:35:01 UTC,vetha9bc24f,0.00,0.00,0.00,0.00,0.00,0.00,0.00,0.00
qaenv-cyberthreats,601,2018-10-25 22:35:01 UTC,lo,13.64,13.64,2.48,2.48,0.00,0.00,0.00,0.00
qaenv-cyberthreats,601,2018-10-25 22:35:01 UTC,veth2376688,6.02,7.28,0.42,2.15,0.00,0.00,0.00,0.00
qaenv-cyberthreats,601,2018-10-25 22:35:01 UTC,br-49e5983ece52,6.34,7.90,0.41,2.21,0.00,0.00,0.00,0.00
qaenv-cyberthreats,601,2018-10-25 22:35:01 UTC,vethd016d19,0.32,0.62,0.08,0.06,0.00,0.00,0.00,0.00
qaenv-cyberthreats,601,2018-10-25 22:35:01 UTC,docker0,0.00,0.00,0.00,0.00,0.00,0.00,0.00,0.00
qaenv-cyberthreats,601,2018-10-25 22:35:01 UTC,eth0,3.35,2.79,1.49,0.41,0.00,0.00,0.00,0.00
qaenv-cyberthreats,600,2018-10-25 22:45:01 UTC,vetha9bc24f,0.00,0.00,0.00,0.00,0.00,0.00,0.00,0.00
qaenv-cyberthreats,600,2018-10-25 22:45:01 UTC,lo,12.84,12.84,1.27,1.27,0.00,0.00,0.00,0.00
qaenv-cyberthreats,600,2018-10-25 22:45:01 UTC,veth2376688,5.47,6.75,0.38,0.95,0.00,0.00,0.00,0.00
qaenv-cyberthreats,600,2018-10-25 22:45:01 UTC,br-49e5983ece52,5.79,7.37,0.38,1.00,0.00,0.00,0.00,0.00
qaenv-cyberthreats,600,2018-10-25 22:45:01 UTC,vethd016d19,0.32,0.62,0.08,0.06,0.00,0.00,0.00,0.00
qaenv-cyberthreats,600,2018-10-25 22:45:01 UTC,docker0,0.00,0.00,0.00,0.00,0.00,0.00,0.00,0.00
qaenv-cyberthreats,600,2018-10-25 22:45:01 UTC,eth0,1.74,1.28,0.14,0.21,0.00,0.00,0.00,0.00
qaenv-cyberthreats,600,2018-10-25 22:55:01 UTC,vetha9bc24f,0.00,0.00,0.00,0.00,0.00,0.00,0.00,0.00
qaenv-cyberthreats,600,2018-10-25 22:55:01 UTC,lo,12.88,12.88,1.27,1.27,0.00,0.00,0.00,0.00
qaenv-cyberthreats,600,2018-10-25 22:55:01 UTC,veth2376688,5.49,6.76,0.38,0.95,0.00,0.00,0.00,0.00
qaenv-cyberthreats,600,2018-10-25 22:55:01 UTC,br-49e5983ece52,5.81,7.38,0.38,1.00,0.00,0.00,0.00,0.00
qaenv-cyberthreats,600,2018-10-25 22:55:01 UTC,vethd016d19,0.32,0.62,0.08,0.06,0.00,0.00,0.00,0.00
qaenv-cyberthreats,600,2018-10-25 22:55:01 UTC,docker0,0.00,0.00,0.00,0.00,0.00,0.00,0.00,0.00
qaenv-cyberthreats,600,2018-10-25 22:55:01 UTC,eth0,1.20,0.92,0.09,0.14,0.00,0.00,0.00,0.00
qaenv-cyberthreats,600,2018-10-25 23:05:01 UTC,vetha9bc24f,0.00,0.00,0.00,0.00,0.00,0.00,0.00,0.00
qaenv-cyberthreats,600,2018-10-25 23:05:01 UTC,lo,13.69,13.69,2.48,2.48,0.00,0.00,0.00,0.00
qaenv-cyberthreats,600,2018-10-25 23:05:01 UTC,veth2376688,6.04,7.27,0.42,2.15,0.00,0.00,0.00,0.00
qaenv-cyberthreats,600,2018-10-25 23:05:01 UTC,br-49e5983ece52,6.37,7.91,0.41,2.21,0.00,0.00,0.00,0.00
qaenv-cyberthreats,600,2018-10-25 23:05:01 UTC,vethd016d19,0.33,0.64,0.08,0.06,0.00,0.00,0.00,0.00
qaenv-cyberthreats,600,2018-10-25 23:05:01 UTC,docker0,0.00,0.00,0.00,0.00,0.00,0.00,0.00,0.00
qaenv-cyberthreats,600,2018-10-25 23:05:01 UTC,eth0,2.48,2.26,1.43,0.29,0.00,0.00,0.00,0.00
qaenv-cyberthreats,600,2018-10-25 23:15:02 UTC,vetha9bc24f,0.02,0.02,0.00,0.00,0.00,0.00,0.00,0.00
qaenv-cyberthreats,600,2018-10-25 23:15:02 UTC,lo,12.86,12.86,1.27,1.27,0.00,0.00,0.00,0.00
qaenv-cyberthreats,600,2018-10-25 23:15:02 UTC,veth2376688,5.47,6.75,0.38,0.95,0.00,0.00,0.00,0.00
qaenv-cyberthreats,600,2018-10-25 23:15:02 UTC,br-49e5983ece52,5.81,7.39,0.38,1.00,0.00,0.00,0.00,0.00
qaenv-cyberthreats,600,2018-10-25 23:15:02 UTC,vethd016d19,0.32,0.62,0.08,0.06,0.00,0.00,0.00,0.00
qaenv-cyberthreats,600,2018-10-25 23:15:02 UTC,docker0,0.00,0.00,0.00,0.00,0.00,0.00,0.00,0.00
qaenv-cyberthreats,600,2018-10-25 23:15:02 UTC,eth0,0.24,0.18,0.02,0.06,0.00,0.00,0.00,0.00
qaenv-cyberthreats,599,2018-10-25 23:25:01 UTC,vetha9bc24f,0.00,0.00,0.00,0.00,0.00,0.00,0.00,0.00
qaenv-cyberthreats,599,2018-10-25 23:25:01 UTC,lo,12.84,12.84,1.27,1.27,0.00,0.00,0.00,0.00
qaenv-cyberthreats,599,2018-10-25 23:25:01 UTC,veth2376688,5.47,6.74,0.38,0.95,0.00,0.00,0.00,0.00
qaenv-cyberthreats,599,2018-10-25 23:25:01 UTC,br-49e5983ece52,5.78,7.36,0.38,1.00,0.00,0.00,0.00,0.00
qaenv-cyberthreats,599,2018-10-25 23:25:01 UTC,vethd016d19,0.32,0.62,0.08,0.06,0.00,0.00,0.00,0.00
qaenv-cyberthreats,599,2018-10-25 23:25:01 UTC,docker0,0.00,0.00,0.00,0.00,0.00,0.00,0.00,0.00
qaenv-cyberthreats,599,2018-10-25 23:25:01 UTC,eth0,0.51,0.36,0.03,0.25,0.00,0.00,0.00,0.00
